1023,2025-02-13T11:30:57.6802048-05:00
1023,2025-02-13T11:30:57.6812672-05:00
1023,2025-02-13T11:30:57.6983168-05:00
1023,2025-02-13T11:30:57.7180672-05:00
1023,2025-02-13T11:30:57.7385728-05:00
1023,2025-02-13T11:30:57.7385856-05:00
1023,2025-02-13T11:30:57.7570816-05:00
1023,2025-02-13T11:30:57.7670656-05:00
1023,2025-02-13T11:30:57.7814784-05:00
1023,2025-02-13T11:30:57.7972224-05:00
1023,2025-02-13T11:30:57.8121856-05:00
1023,2025-02-13T11:30:57.8342272-05:00
1023,2025-02-13T11:30:57.8441984-05:00
1023,2025-02-13T11:30:57.8641920-05:00
1023,2025-02-13T11:30:57.8754304-05:00
1023,2025-02-13T11:30:57.8941824-05:00
1023,2025-02-13T11:30:57.8941952-05:00
1023,2025-02-13T11:30:57.9141760-05:00
1023,2025-02-13T11:30:57.9241728-05:00
1023,2025-02-13T11:30:57.9446784-05:00
1023,2025-02-13T11:30:57.9541632-05:00
1023,2025-02-13T11:30:57.9741696-05:00
1023,2025-02-13T11:30:57.9871232-05:00
1023,2025-02-13T11:30:58.0075776-05:00
1023,2025-02-13T11:30:58.0171136-05:00
1023,2025-02-13T11:30:58.0370944-05:00
1023,2025-02-13T11:30:58.0371072-05:00
1023,2025-02-13T11:30:58.0470912-05:00
1023,2025-02-13T11:30:58.0670976-05:00
1023,2025-02-13T11:30:58.0770944-05:00
1023,2025-02-13T11:30:58.0970752-05:00
1023,2025-02-13T11:30:58.1170688-05:00
1023,2025-02-13T11:30:58.1171072-05:00
1023,2025-02-13T11:30:58.1270784-05:00
1023,2025-02-13T11:30:58.1476608-05:00
1023,2025-02-13T11:30:58.1570432-05:00
1023,2025-02-13T11:30:58.1770496-05:00
1023,2025-02-13T11:30:58.1870464-05:00
1023,2025-02-13T11:30:58.2070528-05:00
1023,2025-02-13T11:30:58.2270336-05:00
1023,2025-02-13T11:30:58.2370176-05:00
1023,2025-02-13T11:30:58.2570240-05:00
1023,2025-02-13T11:30:58.2670592-05:00
1023,2025-02-13T11:30:58.2870016-05:00
1023,2025-02-13T11:30:58.2969984-05:00
1023,2025-02-13T11:30:58.3169920-05:00
1023,2025-02-13T11:30:58.3369728-05:00
1023,2025-02-13T11:30:58.3474432-05:00
1023,2025-02-13T11:30:58.3669632-05:00
1023,2025-02-13T11:30:58.3772288-05:00
1023,2025-02-13T11:30:58.3969536-05:00
1023,2025-02-13T11:30:58.4071168-05:00
1023,2025-02-13T11:30:58.4269440-05:00
1023,2025-02-13T11:30:58.4369408-05:00
1023,2025-02-13T11:30:58.4569216-05:00
1023,2025-02-13T11:30:58.4769536-05:00
1023,2025-02-13T11:30:58.4902016-05:00
1023,2025-02-13T11:30:58.5001856-05:00
1023,2025-02-13T11:30:58.5201792-05:00
1023,2025-02-13T11:30:58.5302016-05:00
1023,2025-02-13T11:30:58.5506688-05:00
1023,2025-02-13T11:30:58.5701632-05:00
1023,2025-02-13T11:30:58.5801600-05:00
1023,2025-02-13T11:30:58.6001408-05:00
1023,2025-02-13T11:30:58.6101504-05:00
1023,2025-02-13T11:30:58.6301440-05:00
1023,2025-02-13T11:30:58.6401408-05:00
1023,2025-02-13T11:30:58.6601216-05:00
1023,2025-02-13T11:30:58.6801152-05:00
1023,2025-02-13T11:30:58.6901120-05:00
1023,2025-02-13T11:30:58.7104256-05:00
1023,2025-02-13T11:30:58.7201280-05:00
1023,2025-02-13T11:30:58.7400832-05:00
1023,2025-02-13T11:30:58.7500928-05:00
1023,2025-02-13T11:30:58.7702784-05:00
1023,2025-02-13T11:30:58.7703040-05:00
1023,2025-02-13T11:30:58.7900800-05:00
1023,2025-02-13T11:30:58.8000640-05:00
1023,2025-02-13T11:30:58.8200576-05:00
1023,2025-02-13T11:30:58.8300928-05:00
1023,2025-02-13T11:30:58.8500480-05:00
1023,2025-02-13T11:30:58.8600448-05:00
1023,2025-02-13T11:30:58.8800256-05:00
1023,2025-02-13T11:30:58.8900352-05:00
1023,2025-02-13T11:30:58.9100288-05:00
1023,2025-02-13T11:30:58.9300096-05:00
1023,2025-02-13T11:30:58.9400064-05:00
1023,2025-02-13T11:30:58.9600000-05:00
1023,2025-02-13T11:30:58.9700224-05:00
1023,2025-02-13T11:30:58.9931136-05:00
1023,2025-02-13T11:30:59.0031104-05:00
1023,2025-02-13T11:30:59.0231168-05:00
1023,2025-02-13T11:30:59.0331008-05:00
1023,2025-02-13T11:30:59.0530944-05:00
1023,2025-02-13T11:30:59.0634624-05:00
1023,2025-02-13T11:30:59.0831232-05:00
1023,2025-02-13T11:30:59.0930816-05:00
1023,2025-02-13T11:30:59.1130624-05:00
1023,2025-02-13T11:30:59.1330560-05:00
1023,2025-02-13T11:30:59.1430656-05:00
1023,2025-02-13T11:30:59.1630336-05:00
1023,2025-02-13T11:30:59.1730432-05:00
1023,2025-02-13T11:30:59.1930368-05:00
1023,2025-02-13T11:30:59.2030208-05:00
1023,2025-02-13T11:30:59.2230272-05:00
1023,2025-02-13T11:30:59.2430208-05:00
1023,2025-02-13T11:30:59.2530432-05:00
1023,2025-02-13T11:30:59.2729984-05:00
1023,2025-02-13T11:30:59.2830080-05:00
1023,2025-02-13T11:30:59.3029888-05:00
1023,2025-02-13T11:30:59.3129728-05:00
1023,2025-02-13T11:30:59.3329792-05:00
1023,2025-02-13T11:30:59.3429888-05:00
1023,2025-02-13T11:30:59.3629696-05:00
1023,2025-02-13T11:30:59.3829888-05:00
1023,2025-02-13T11:30:59.3929472-05:00
1023,2025-02-13T11:30:59.4129536-05:00
1023,2025-02-13T11:30:59.4229376-05:00
1023,2025-02-13T11:30:59.4429440-05:00
1023,2025-02-13T11:30:59.4529408-05:00
1023,2025-02-13T11:30:59.4729472-05:00
1023,2025-02-13T11:30:59.4966272-05:00
1023,2025-02-13T11:30:59.4966400-05:00
1023,2025-02-13T11:30:59.5063296-05:00
1023,2025-02-13T11:30:59.5163264-05:00
1023,2025-02-13T11:30:59.5363328-05:00
1023,2025-02-13T11:30:59.5464064-05:00
1023,2025-02-13T11:30:59.5645184-05:00
1023,2025-02-13T11:30:59.5788928-05:00
1023,2025-02-13T11:30:59.6003072-05:00
1023,2025-02-13T11:30:59.6099456-05:00
1023,2025-02-13T11:30:59.6289408-05:00
1023,2025-02-13T11:30:59.6399360-05:00
1023,2025-02-13T11:30:59.6589952-05:00
1023,2025-02-13T11:30:59.6806016-05:00
1023,2025-02-13T11:30:59.6888960-05:00
1023,2025-02-13T11:30:59.7030400-05:00
1023,2025-02-13T11:30:59.7248896-05:00
1023,2025-02-13T11:30:59.7344256-05:00
1023,2025-02-13T11:30:59.7502720-05:00
1023,2025-02-13T11:30:59.7752704-05:00
1023,2025-02-13T11:30:59.7852672-05:00
1023,2025-02-13T11:30:59.8052480-05:00
1023,2025-02-13T11:30:59.8152576-05:00
1023,2025-02-13T11:30:59.8352512-05:00
1023,2025-02-13T11:30:59.8452608-05:00
1023,2025-02-13T11:30:59.8652416-05:00
1023,2025-02-13T11:30:59.8752256-05:00
1023,2025-02-13T11:30:59.8952192-05:00
1023,2025-02-13T11:30:59.9153408-05:00
1023,2025-02-13T11:30:59.9252096-05:00
1023,2025-02-13T11:30:59.9452032-05:00
1023,2025-02-13T11:30:59.9552128-05:00
1023,2025-02-13T11:30:59.9752064-05:00
1023,2025-02-13T11:30:59.9851776-05:00
1023,2025-02-13T11:31:00.0083200-05:00
1023,2025-02-13T11:31:00.0181248-05:00
1023,2025-02-13T11:31:00.0381184-05:00
1023,2025-02-13T11:31:00.0481280-05:00
1023,2025-02-13T11:31:00.0681088-05:00
1023,2025-02-13T11:31:00.0780928-05:00
1023,2025-02-13T11:31:00.0980992-05:00
1023,2025-02-13T11:31:00.1180800-05:00
1023,2025-02-13T11:31:00.1280768-05:00
1023,2025-02-13T11:31:00.1481472-05:00
1023,2025-02-13T11:31:00.1580672-05:00
1023,2025-02-13T11:31:00.1780864-05:00
1023,2025-02-13T11:31:00.1895040-05:00
1023,2025-02-13T11:31:00.2080512-05:00
1023,2025-02-13T11:31:00.2180480-05:00
1023,2025-02-13T11:31:00.2380416-05:00
1023,2025-02-13T11:31:00.2580352-05:00
1023,2025-02-13T11:31:00.2680192-05:00
1023,2025-02-13T11:31:00.2880128-05:00
1023,2025-02-13T11:31:00.2980096-05:00
1023,2025-02-13T11:31:00.3180032-05:00
1023,2025-02-13T11:31:00.3280000-05:00
1023,2025-02-13T11:31:00.3479936-05:00
1023,2025-02-13T11:31:00.3681152-05:00
1023,2025-02-13T11:31:00.3779712-05:00
1023,2025-02-13T11:31:00.3979648-05:00
1023,2025-02-13T11:31:00.4079616-05:00
1023,2025-02-13T11:31:00.4279680-05:00
1023,2025-02-13T11:31:00.4379520-05:00
1023,2025-02-13T11:31:00.4581248-05:00
1023,2025-02-13T11:31:00.4679552-05:00
1023,2025-02-13T11:31:00.4879360-05:00
1023,2025-02-13T11:31:00.5105792-05:00
1023,2025-02-13T11:31:00.5210112-05:00
1023,2025-02-13T11:31:00.5305856-05:00
1023,2025-02-13T11:31:00.5505536-05:00
1023,2025-02-13T11:31:00.5705600-05:00
1023,2025-02-13T11:31:00.5805440-05:00
1023,2025-02-13T11:31:00.6005376-05:00
1023,2025-02-13T11:31:00.6105472-05:00
1023,2025-02-13T11:31:00.6305408-05:00
1023,2025-02-13T11:31:00.6405376-05:00
1023,2025-02-13T11:31:00.6605056-05:00
1023,2025-02-13T11:31:00.6805120-05:00
1023,2025-02-13T11:31:00.6905088-05:00
1023,2025-02-13T11:31:00.7105024-05:00
1023,2025-02-13T11:31:00.7204864-05:00
1023,2025-02-13T11:31:00.7404672-05:00
1023,2025-02-13T11:31:00.7504896-05:00
1023,2025-02-13T11:31:00.7704576-05:00
1023,2025-02-13T11:31:00.7804672-05:00
1023,2025-02-13T11:31:00.8004480-05:00
1023,2025-02-13T11:31:00.8204416-05:00
1023,2025-02-13T11:31:00.8304384-05:00
1023,2025-02-13T11:31:00.8504704-05:00
1023,2025-02-13T11:31:00.8604288-05:00
1023,2025-02-13T11:31:00.8804352-05:00
1023,2025-02-13T11:31:00.8904192-05:00
1023,2025-02-13T11:31:00.9104128-05:00
1023,2025-02-13T11:31:00.9304064-05:00
1023,2025-02-13T11:31:00.9404032-05:00
1023,2025-02-13T11:31:00.9603968-05:00
1023,2025-02-13T11:31:00.9704192-05:00
1023,2025-02-13T11:31:00.9904000-05:00
1023,2025-02-13T11:31:01.0003840-05:00
1023,2025-02-13T11:31:01.0229248-05:00
1023,2025-02-13T11:31:01.0329472-05:00
1023,2025-02-13T11:31:01.0529152-05:00
1023,2025-02-13T11:31:01.0629120-05:00
1023,2025-02-13T11:31:01.0829056-05:00
1023,2025-02-13T11:31:01.1028992-05:00
1023,2025-02-13T11:31:01.1129984-05:00
1023,2025-02-13T11:31:01.1328896-05:00
1023,2025-02-13T11:31:01.1428864-05:00
1023,2025-02-13T11:31:01.1628928-05:00
1023,2025-02-13T11:31:01.1728640-05:00
1023,2025-02-13T11:31:01.1928704-05:00
1023,2025-02-13T11:31:01.2028672-05:00
1023,2025-02-13T11:31:01.2228736-05:00
1023,2025-02-13T11:31:01.2428416-05:00
1023,2025-02-13T11:31:01.2528512-05:00
1023,2025-02-13T11:31:01.2728320-05:00
1023,2025-02-13T11:31:01.2828288-05:00
1023,2025-02-13T11:31:01.3028096-05:00
1023,2025-02-13T11:31:01.3128320-05:00
1023,2025-02-13T11:31:01.3328000-05:00
1023,2025-02-13T11:31:01.3528192-05:00
1023,2025-02-13T11:31:01.3627904-05:00
1023,2025-02-13T11:31:01.3827840-05:00
1023,2025-02-13T11:31:01.3927936-05:00
1023,2025-02-13T11:31:01.4127872-05:00
1023,2025-02-13T11:31:01.4227712-05:00
1023,2025-02-13T11:31:01.4427648-05:00
1023,2025-02-13T11:31:01.4527616-05:00
1023,2025-02-13T11:31:01.4727680-05:00
1023,2025-02-13T11:31:01.4927488-05:00
1023,2025-02-13T11:31:01.5027328-05:00
1023,2025-02-13T11:31:01.5156096-05:00
1023,2025-02-13T11:31:01.5355648-05:00
1023,2025-02-13T11:31:01.5555456-05:00
1023,2025-02-13T11:31:01.5655552-05:00
1023,2025-02-13T11:31:01.5855616-05:00
1023,2025-02-13T11:31:01.5855744-05:00
1023,2025-02-13T11:31:01.5955328-05:00
1023,2025-02-13T11:31:01.6155520-05:00
1023,2025-02-13T11:31:01.6255104-05:00
1023,2025-02-13T11:31:01.6455296-05:00
1023,2025-02-13T11:31:01.6655104-05:00
1023,2025-02-13T11:31:01.6755328-05:00
1023,2025-02-13T11:31:01.6955008-05:00
1023,2025-02-13T11:31:01.7054848-05:00
1023,2025-02-13T11:31:01.7254912-05:00
1023,2025-02-13T11:31:01.7354752-05:00
1023,2025-02-13T11:31:01.7554688-05:00
1023,2025-02-13T11:31:01.7654784-05:00
1023,2025-02-13T11:31:01.7854592-05:00
1023,2025-02-13T11:31:01.7979648-05:00
1023,2025-02-13T11:31:01.8146304-05:00
1023,2025-02-13T11:31:01.8323072-05:00
1023,2025-02-13T11:31:01.8501120-05:00
1023,2025-02-13T11:31:01.8600832-05:00
1023,2025-02-13T11:31:01.8801152-05:00
1023,2025-02-13T11:31:01.8928256-05:00
1023,2025-02-13T11:31:01.9128192-05:00
1023,2025-02-13T11:31:01.9227904-05:00
1023,2025-02-13T11:31:01.9427840-05:00
1023,2025-02-13T11:31:01.9527808-05:00
1023,2025-02-13T11:31:01.9728000-05:00
1023,2025-02-13T11:31:01.9927680-05:00
1023,2025-02-13T11:31:02.0027648-05:00
1023,2025-02-13T11:31:02.0256256-05:00
1023,2025-02-13T11:31:02.0356224-05:00
1023,2025-02-13T11:31:02.0555776-05:00
1023,2025-02-13T11:31:02.0655744-05:00
1023,2025-02-13T11:31:02.0856960-05:00
1023,2025-02-13T11:31:02.0857088-05:00
1023,2025-02-13T11:31:02.0955648-05:00
1023,2025-02-13T11:31:02.1155456-05:00
1023,2025-02-13T11:31:02.1255424-05:00
1023,2025-02-13T11:31:02.1455488-05:00
1023,2025-02-13T11:31:02.1655296-05:00
1023,2025-02-13T11:31:02.1755264-05:00
1023,2025-02-13T11:31:02.1955200-05:00
1023,2025-02-13T11:31:02.2055296-05:00
1023,2025-02-13T11:31:02.2254976-05:00
1023,2025-02-13T11:31:02.2354944-05:00
1023,2025-02-13T11:31:02.2554880-05:00
1023,2025-02-13T11:31:02.2654976-05:00
1023,2025-02-13T11:31:02.2854784-05:00
1023,2025-02-13T11:31:02.3054720-05:00
1023,2025-02-13T11:31:02.3154688-05:00
1023,2025-02-13T11:31:02.3354624-05:00
1023,2025-02-13T11:31:02.3454592-05:00
1023,2025-02-13T11:31:02.3654400-05:00
1023,2025-02-13T11:31:02.3754496-05:00
1023,2025-02-13T11:31:02.3954432-05:00
1023,2025-02-13T11:31:02.4154240-05:00
1023,2025-02-13T11:31:02.4257792-05:00
1023,2025-02-13T11:31:02.4454784-05:00
1023,2025-02-13T11:31:02.4554112-05:00
1023,2025-02-13T11:31:02.4754048-05:00
1023,2025-02-13T11:31:02.4854016-05:00
1023,2025-02-13T11:31:02.5053952-05:00
1023,2025-02-13T11:31:02.5153920-05:00
1023,2025-02-13T11:31:02.5393280-05:00
1023,2025-02-13T11:31:02.5593344-05:00
1023,2025-02-13T11:31:02.5793152-05:00
1023,2025-02-13T11:31:02.5993344-05:00
1023,2025-02-13T11:31:02.6193024-05:00
1023,2025-02-13T11:31:02.6397696-05:00
1023,2025-02-13T11:31:02.6397952-05:00
1023,2025-02-13T11:31:02.6593024-05:00
1023,2025-02-13T11:31:02.6792704-05:00
1023,2025-02-13T11:31:02.6992896-05:00
1023,2025-02-13T11:31:02.7192576-05:00
1023,2025-02-13T11:31:02.7392512-05:00
1023,2025-02-13T11:31:02.7592448-05:00
1023,2025-02-13T11:31:02.7792512-05:00
1023,2025-02-13T11:31:02.7992448-05:00
1023,2025-02-13T11:31:02.8192256-05:00
1023,2025-02-13T11:31:02.8392064-05:00
1023,2025-02-13T11:31:02.8592384-05:00
1023,2025-02-13T11:31:02.8792064-05:00
1023,2025-02-13T11:31:02.8992512-05:00
1023,2025-02-13T11:31:02.8993024-05:00
1023,2025-02-13T11:31:02.9192064-05:00
1023,2025-02-13T11:31:02.9391872-05:00
1023,2025-02-13T11:31:02.9591552-05:00
1023,2025-02-13T11:31:02.9791616-05:00
1023,2025-02-13T11:31:02.9991424-05:00
1023,2025-02-13T11:31:03.0191360-05:00
1023,2025-02-13T11:31:03.0320000-05:00
1023,2025-02-13T11:31:03.0519936-05:00
1023,2025-02-13T11:31:03.0623232-05:00
1023,2025-02-13T11:31:03.0819840-05:00
1023,2025-02-13T11:31:03.1019776-05:00
1023,2025-02-13T11:31:03.1119744-05:00
1023,2025-02-13T11:31:03.1319552-05:00
1023,2025-02-13T11:31:03.1425408-05:00
1023,2025-02-13T11:31:03.1619584-05:00
1023,2025-02-13T11:31:03.1719424-05:00
1023,2025-02-13T11:31:03.1919360-05:00
1023,2025-02-13T11:31:03.2119936-05:00
1023,2025-02-13T11:31:03.2219264-05:00
1023,2025-02-13T11:31:03.2419072-05:00
1023,2025-02-13T11:31:03.2519168-05:00
1023,2025-02-13T11:31:03.2729728-05:00
1023,2025-02-13T11:31:03.2819456-05:00
1023,2025-02-13T11:31:03.3018880-05:00
1023,2025-02-13T11:31:03.3218944-05:00
1023,2025-02-13T11:31:03.3321728-05:00
1023,2025-02-13T11:31:03.3518720-05:00
1023,2025-02-13T11:31:03.3618560-05:00
1023,2025-02-13T11:31:03.3818752-05:00
1023,2025-02-13T11:31:03.3918592-05:00
1023,2025-02-13T11:31:03.4118400-05:00
1023,2025-02-13T11:31:03.4218240-05:00
1023,2025-02-13T11:31:03.4418432-05:00
1023,2025-02-13T11:31:03.4618368-05:00
1023,2025-02-13T11:31:03.4718336-05:00
1023,2025-02-13T11:31:03.4918144-05:00
1023,2025-02-13T11:31:03.5017984-05:00
1023,2025-02-13T11:31:03.5218048-05:00
1023,2025-02-13T11:31:03.5349632-05:00
1023,2025-02-13T11:31:03.5549952-05:00
1023,2025-02-13T11:31:03.5649920-05:00
1023,2025-02-13T11:31:03.5849600-05:00
1023,2025-02-13T11:31:03.5951616-05:00
1023,2025-02-13T11:31:03.6149504-05:00
1023,2025-02-13T11:31:03.6255488-05:00
1023,2025-02-13T11:31:03.6449280-05:00
1023,2025-02-13T11:31:03.6649088-05:00
1023,2025-02-13T11:31:03.6749184-05:00
1023,2025-02-13T11:31:03.6949120-05:00
1023,2025-02-13T11:31:03.7049088-05:00
1023,2025-02-13T11:31:03.7248896-05:00
1023,2025-02-13T11:31:03.7348992-05:00
1023,2025-02-13T11:31:03.7548800-05:00
1023,2025-02-13T11:31:03.7748736-05:00
1023,2025-02-13T11:31:03.7848832-05:00
1023,2025-02-13T11:31:03.8048640-05:00
1023,2025-02-13T11:31:03.8148608-05:00
1023,2025-02-13T11:31:03.8348672-05:00
1023,2025-02-13T11:31:03.8448384-05:00
1023,2025-02-13T11:31:03.8648320-05:00
1023,2025-02-13T11:31:03.8752640-05:00
1023,2025-02-13T11:31:03.8948224-05:00
1023,2025-02-13T11:31:03.9148288-05:00
1023,2025-02-13T11:31:03.9248128-05:00
1023,2025-02-13T11:31:03.9448192-05:00
1023,2025-02-13T11:31:03.9548032-05:00
1023,2025-02-13T11:31:03.9748096-05:00
1023,2025-02-13T11:31:03.9847936-05:00
1023,2025-02-13T11:31:04.0047744-05:00
1023,2025-02-13T11:31:04.0247808-05:00
1023,2025-02-13T11:31:04.0376576-05:00
1023,2025-02-13T11:31:04.0477952-05:00
1023,2025-02-13T11:31:04.0676480-05:00
1023,2025-02-13T11:31:04.0875776-05:00
1023,2025-02-13T11:31:04.0976128-05:00
1023,2025-02-13T11:31:04.1175808-05:00
1023,2025-02-13T11:31:04.1275648-05:00
1023,2025-02-13T11:31:04.1475584-05:00
1023,2025-02-13T11:31:04.1575552-05:00
1023,2025-02-13T11:31:04.1775616-05:00
1023,2025-02-13T11:31:04.1875456-05:00
1023,2025-02-13T11:31:04.2075392-05:00
1023,2025-02-13T11:31:04.2275328-05:00
1023,2025-02-13T11:31:04.2375296-05:00
1023,2025-02-13T11:31:04.2575104-05:00
1023,2025-02-13T11:31:04.2675200-05:00
1023,2025-02-13T11:31:04.2875520-05:00
1023,2025-02-13T11:31:04.2975104-05:00
1023,2025-02-13T11:31:04.3175040-05:00
1023,2025-02-13T11:31:04.3374976-05:00
1023,2025-02-13T11:31:04.3474816-05:00
1023,2025-02-13T11:31:04.3675008-05:00
1023,2025-02-13T11:31:04.3774592-05:00
1023,2025-02-13T11:31:04.3974656-05:00
1023,2025-02-13T11:31:04.4074496-05:00
1023,2025-02-13T11:31:04.4274432-05:00
1023,2025-02-13T11:31:04.4374528-05:00
1023,2025-02-13T11:31:04.4574336-05:00
1023,2025-02-13T11:31:04.4774400-05:00
1023,2025-02-13T11:31:04.4874240-05:00
1023,2025-02-13T11:31:04.5074176-05:00
1023,2025-02-13T11:31:04.5174144-05:00
1023,2025-02-13T11:31:04.5403008-05:00
1023,2025-02-13T11:31:04.5502720-05:00
1023,2025-02-13T11:31:04.5702656-05:00
1023,2025-02-13T11:31:04.5802752-05:00
1023,2025-02-13T11:31:04.6002560-05:00
1023,2025-02-13T11:31:04.6102400-05:00
1023,2025-02-13T11:31:04.6302464-05:00
1023,2025-02-13T11:31:04.6502272-05:00
1023,2025-02-13T11:31:04.6602240-05:00
1023,2025-02-13T11:31:04.6802176-05:00
1023,2025-02-13T11:31:04.6902144-05:00
1023,2025-02-13T11:31:04.7102208-05:00
1023,2025-02-13T11:31:04.7202176-05:00
1023,2025-02-13T11:31:04.7401984-05:00
1023,2025-02-13T11:31:04.7501824-05:00
1023,2025-02-13T11:31:04.7701888-05:00
1023,2025-02-13T11:31:04.7901696-05:00
1023,2025-02-13T11:31:04.8001664-05:00
1023,2025-02-13T11:31:04.8201728-05:00
1023,2025-02-13T11:31:04.8301568-05:00
1023,2025-02-13T11:31:04.8501504-05:00
1023,2025-02-13T11:31:04.8605440-05:00
1023,2025-02-13T11:31:04.8801408-05:00
1023,2025-02-13T11:31:04.9001216-05:00
1023,2025-02-13T11:31:04.9101312-05:00
1023,2025-02-13T11:31:04.9301248-05:00
1023,2025-02-13T11:31:04.9401216-05:00
1023,2025-02-13T11:31:04.9601024-05:00
1023,2025-02-13T11:31:04.9801088-05:00
1023,2025-02-13T11:31:05.0004992-05:00
1023,2025-02-13T11:31:05.0200832-05:00
1023,2025-02-13T11:31:05.0429952-05:00
1023,2025-02-13T11:31:05.0534144-05:00
1023,2025-02-13T11:31:05.0629888-05:00
1023,2025-02-13T11:31:05.0829824-05:00
1023,2025-02-13T11:31:05.0829952-05:00
1023,2025-02-13T11:31:05.1031680-05:00
1023,2025-02-13T11:31:05.1129984-05:00
1023,2025-02-13T11:31:05.1329664-05:00
1023,2025-02-13T11:31:05.1429632-05:00
1023,2025-02-13T11:31:05.1629568-05:00
1023,2025-02-13T11:31:05.1729536-05:00
1023,2025-02-13T11:31:05.1929216-05:00
1023,2025-02-13T11:31:05.2029312-05:00
1023,2025-02-13T11:31:05.2229376-05:00
1023,2025-02-13T11:31:05.2429184-05:00
1023,2025-02-13T11:31:05.2529152-05:00
1023,2025-02-13T11:31:05.2728960-05:00
1023,2025-02-13T11:31:05.2829056-05:00
1023,2025-02-13T11:31:05.3028864-05:00
1023,2025-02-13T11:31:05.3128832-05:00
1023,2025-02-13T11:31:05.3328768-05:00
1023,2025-02-13T11:31:05.3528832-05:00
1023,2025-02-13T11:31:05.3628800-05:00
1023,2025-02-13T11:31:05.3859072-05:00
1023,2025-02-13T11:31:05.3959168-05:00
1023,2025-02-13T11:31:05.4102656-05:00
1023,2025-02-13T11:31:05.4272768-05:00
1023,2025-02-13T11:31:05.4381952-05:00
1023,2025-02-13T11:31:05.4529152-05:00
1023,2025-02-13T11:31:05.4778752-05:00
1023,2025-02-13T11:31:05.4878848-05:00
1023,2025-02-13T11:31:05.5078784-05:00
1023,2025-02-13T11:31:05.5180288-05:00
1023,2025-02-13T11:31:05.5378688-05:00
1023,2025-02-13T11:31:05.5515648-05:00
1023,2025-02-13T11:31:05.5715200-05:00
1023,2025-02-13T11:31:05.5815168-05:00
1023,2025-02-13T11:31:05.6015104-05:00
1023,2025-02-13T11:31:05.6115200-05:00
1023,2025-02-13T11:31:05.6315008-05:00
1023,2025-02-13T11:31:05.6414976-05:00
1023,2025-02-13T11:31:05.6614912-05:00
1023,2025-02-13T11:31:05.6814848-05:00
1023,2025-02-13T11:31:05.6917248-05:00
1023,2025-02-13T11:31:05.7114752-05:00
1023,2025-02-13T11:31:05.7214592-05:00
1023,2025-02-13T11:31:05.7414528-05:00
1023,2025-02-13T11:31:05.7514496-05:00
1023,2025-02-13T11:31:05.7714432-05:00
1023,2025-02-13T11:31:05.7814272-05:00
1023,2025-02-13T11:31:05.8014464-05:00
1023,2025-02-13T11:31:05.8214272-05:00
1023,2025-02-13T11:31:05.8314240-05:00
1023,2025-02-13T11:31:05.8514176-05:00
1023,2025-02-13T11:31:05.8614016-05:00
1023,2025-02-13T11:31:05.8814080-05:00
1023,2025-02-13T11:31:05.8913920-05:00
1023,2025-02-13T11:31:05.9113856-05:00
1023,2025-02-13T11:31:05.9313792-05:00
1023,2025-02-13T11:31:05.9413760-05:00
1023,2025-02-13T11:31:05.9613568-05:00
1023,2025-02-13T11:31:05.9713920-05:00
1023,2025-02-13T11:31:05.9913472-05:00
1023,2025-02-13T11:31:06.0013440-05:00
1023,2025-02-13T11:31:06.0213376-05:00
1023,2025-02-13T11:31:06.0313856-05:00
1023,2025-02-13T11:31:06.0548736-05:00
1023,2025-02-13T11:31:06.0648704-05:00
1023,2025-02-13T11:31:06.0848640-05:00
1023,2025-02-13T11:31:06.0948608-05:00
1023,2025-02-13T11:31:06.1148544-05:00
1023,2025-02-13T11:31:06.1348608-05:00
1023,2025-02-13T11:31:06.1448448-05:00
1023,2025-02-13T11:31:06.1648256-05:00
1023,2025-02-13T11:31:06.1748352-05:00
1023,2025-02-13T11:31:06.1948160-05:00
1023,2025-02-13T11:31:06.2048128-05:00
1023,2025-02-13T11:31:06.2248064-05:00
1023,2025-02-13T11:31:06.2348032-05:00
1023,2025-02-13T11:31:06.2547968-05:00
1023,2025-02-13T11:31:06.2747776-05:00
1023,2025-02-13T11:31:06.2847744-05:00
1023,2025-02-13T11:31:06.3047808-05:00
1023,2025-02-13T11:31:06.3147648-05:00
1023,2025-02-13T11:31:06.3347712-05:00
1023,2025-02-13T11:31:06.3447680-05:00
1023,2025-02-13T11:31:06.3647360-05:00
1023,2025-02-13T11:31:06.3854080-05:00
1023,2025-02-13T11:31:06.3975552-05:00
1023,2025-02-13T11:31:06.4083072-05:00
1023,2025-02-13T11:31:06.4226048-05:00
1023,2025-02-13T11:31:06.4446208-05:00
1023,2025-02-13T11:31:06.4545920-05:00
1023,2025-02-13T11:31:06.4745984-05:00
1023,2025-02-13T11:31:06.4846080-05:00
1023,2025-02-13T11:31:06.5045888-05:00
1023,2025-02-13T11:31:06.5245696-05:00
1023,2025-02-13T11:31:06.5345664-05:00
1023,2025-02-13T11:31:06.5577216-05:00
1023,2025-02-13T11:31:06.5676928-05:00
1023,2025-02-13T11:31:06.5876736-05:00
1023,2025-02-13T11:31:06.5976704-05:00
1023,2025-02-13T11:31:06.6179712-05:00
1023,2025-02-13T11:31:06.6276608-05:00
1023,2025-02-13T11:31:06.6476672-05:00
1023,2025-02-13T11:31:06.6576384-05:00
1023,2025-02-13T11:31:06.6776832-05:00
1023,2025-02-13T11:31:06.6876416-05:00
1023,2025-02-13T11:31:06.7076352-05:00
1023,2025-02-13T11:31:06.7276160-05:00
1023,2025-02-13T11:31:06.7376256-05:00
1023,2025-02-13T11:31:06.7580800-05:00
1023,2025-02-13T11:31:06.7676032-05:00
1023,2025-02-13T11:31:06.7875968-05:00
1023,2025-02-13T11:31:06.7975936-05:00
1023,2025-02-13T11:31:06.8176000-05:00
1023,2025-02-13T11:31:06.8380032-05:00
1023,2025-02-13T11:31:06.8476160-05:00
1023,2025-02-13T11:31:06.8675584-05:00
1023,2025-02-13T11:31:06.8775552-05:00
1023,2025-02-13T11:31:06.8975744-05:00
1023,2025-02-13T11:31:06.9075584-05:00
1023,2025-02-13T11:31:06.9275392-05:00
1023,2025-02-13T11:31:06.9375360-05:00
1023,2025-02-13T11:31:06.9575296-05:00
1023,2025-02-13T11:31:06.9775488-05:00
1023,2025-02-13T11:31:06.9875072-05:00
1023,2025-02-13T11:31:07.0075008-05:00
1023,2025-02-13T11:31:07.0174976-05:00
1023,2025-02-13T11:31:07.0375040-05:00
1023,2025-02-13T11:31:07.0474880-05:00
1023,2025-02-13T11:31:07.0703872-05:00
1023,2025-02-13T11:31:07.0903808-05:00
1023,2025-02-13T11:31:07.1103744-05:00
1023,2025-02-13T11:31:07.1303680-05:00
1023,2025-02-13T11:31:07.1503616-05:00
1023,2025-02-13T11:31:07.1703680-05:00
1023,2025-02-13T11:31:07.1903232-05:00
1023,2025-02-13T11:31:07.2104960-05:00
1023,2025-02-13T11:31:07.2203136-05:00
1023,2025-02-13T11:31:07.2403328-05:00
1023,2025-02-13T11:31:07.2603264-05:00
1023,2025-02-13T11:31:07.2803072-05:00
1023,2025-02-13T11:31:07.3003136-05:00
1023,2025-02-13T11:31:07.3202816-05:00
1023,2025-02-13T11:31:07.3402752-05:00
1023,2025-02-13T11:31:07.3602944-05:00
1023,2025-02-13T11:31:07.3802624-05:00
1023,2025-02-13T11:31:07.4002560-05:00
1023,2025-02-13T11:31:07.4202496-05:00
1023,2025-02-13T11:31:07.4402304-05:00
1023,2025-02-13T11:31:07.4602240-05:00
1023,2025-02-13T11:31:07.4802304-05:00
1023,2025-02-13T11:31:07.5002112-05:00
1023,2025-02-13T11:31:07.5202048-05:00
1023,2025-02-13T11:31:07.5401984-05:00
1023,2025-02-13T11:31:07.5632256-05:00
1023,2025-02-13T11:31:07.5832064-05:00
1023,2025-02-13T11:31:07.6031872-05:00
1023,2025-02-13T11:31:07.6131840-05:00
1023,2025-02-13T11:31:07.6331904-05:00
1023,2025-02-13T11:31:07.6431872-05:00
1023,2025-02-13T11:31:07.6631808-05:00
1023,2025-02-13T11:31:07.6731904-05:00
1023,2025-02-13T11:31:07.6931584-05:00
1023,2025-02-13T11:31:07.7135872-05:00
1023,2025-02-13T11:31:07.7136000-05:00
1023,2025-02-13T11:31:07.7231488-05:00
1023,2025-02-13T11:31:07.7431552-05:00
1023,2025-02-13T11:31:07.7531520-05:00
1023,2025-02-13T11:31:07.7731200-05:00
1023,2025-02-13T11:31:07.7833088-05:00
1023,2025-02-13T11:31:07.8031232-05:00
1023,2025-02-13T11:31:07.8131200-05:00
1023,2025-02-13T11:31:07.8331264-05:00
1023,2025-02-13T11:31:07.8530944-05:00
1023,2025-02-13T11:31:07.8631040-05:00
1023,2025-02-13T11:31:07.8830848-05:00
1023,2025-02-13T11:31:07.8930688-05:00
1023,2025-02-13T11:31:07.9134208-05:00
1023,2025-02-13T11:31:07.9230720-05:00
1023,2025-02-13T11:31:07.9430656-05:00
1023,2025-02-13T11:31:07.9630592-05:00
1023,2025-02-13T11:31:07.9730560-05:00
1023,2025-02-13T11:31:07.9930752-05:00
1023,2025-02-13T11:31:08.0030336-05:00
1023,2025-02-13T11:31:08.0230272-05:00
1023,2025-02-13T11:31:08.0330240-05:00
1023,2025-02-13T11:31:08.0534400-05:00
1023,2025-02-13T11:31:08.0534528-05:00
1023,2025-02-13T11:31:08.0656896-05:00
1023,2025-02-13T11:31:08.0856576-05:00
1023,2025-02-13T11:31:08.0962688-05:00
1023,2025-02-13T11:31:08.1156480-05:00
1023,2025-02-13T11:31:08.1256576-05:00
1023,2025-02-13T11:31:08.1456384-05:00
1023,2025-02-13T11:31:08.1660416-05:00
1023,2025-02-13T11:31:08.1756160-05:00
1023,2025-02-13T11:31:08.1956096-05:00
1023,2025-02-13T11:31:08.2056192-05:00
1023,2025-02-13T11:31:08.2256000-05:00
1023,2025-02-13T11:31:08.2356352-05:00
1023,2025-02-13T11:31:08.2555904-05:00
1023,2025-02-13T11:31:08.2755840-05:00
1023,2025-02-13T11:31:08.2855680-05:00
1023,2025-02-13T11:31:08.3055744-05:00
1023,2025-02-13T11:31:08.3155712-05:00
1023,2025-02-13T11:31:08.3355776-05:00
1023,2025-02-13T11:31:08.3455616-05:00
1023,2025-02-13T11:31:08.3655552-05:00
1023,2025-02-13T11:31:08.3755392-05:00
1023,2025-02-13T11:31:08.3955584-05:00
1023,2025-02-13T11:31:08.4155264-05:00
1023,2025-02-13T11:31:08.4255232-05:00
1023,2025-02-13T11:31:08.4455296-05:00
1023,2025-02-13T11:31:08.4555392-05:00
1023,2025-02-13T11:31:08.4755072-05:00
1023,2025-02-13T11:31:08.4854912-05:00
1023,2025-02-13T11:31:08.5054848-05:00
1023,2025-02-13T11:31:08.5254784-05:00
1023,2025-02-13T11:31:08.5354752-05:00
1023,2025-02-13T11:31:08.5554816-05:00
1023,2025-02-13T11:31:08.5690752-05:00
1023,2025-02-13T11:31:08.5790336-05:00
1023,2025-02-13T11:31:08.5990272-05:00
1023,2025-02-13T11:31:08.6190208-05:00
1023,2025-02-13T11:31:08.6291328-05:00
1023,2025-02-13T11:31:08.6490112-05:00
1023,2025-02-13T11:31:08.6590080-05:00
1023,2025-02-13T11:31:08.6790016-05:00
1023,2025-02-13T11:31:08.6890240-05:00
1023,2025-02-13T11:31:08.7091456-05:00
1023,2025-02-13T11:31:08.7189760-05:00
1023,2025-02-13T11:31:08.7389696-05:00
1023,2025-02-13T11:31:08.7589632-05:00
1023,2025-02-13T11:31:08.7689600-05:00
1023,2025-02-13T11:31:08.7889536-05:00
1023,2025-02-13T11:31:08.7989376-05:00
1023,2025-02-13T11:31:08.8189440-05:00
1023,2025-02-13T11:31:08.8289408-05:00
1023,2025-02-13T11:31:08.8489472-05:00
1023,2025-02-13T11:31:08.8689536-05:00
1023,2025-02-13T11:31:08.8789120-05:00
1023,2025-02-13T11:31:08.8989056-05:00
1023,2025-02-13T11:31:08.9089024-05:00
1023,2025-02-13T11:31:08.9291008-05:00
1023,2025-02-13T11:31:08.9388928-05:00
1023,2025-02-13T11:31:08.9588736-05:00
1023,2025-02-13T11:31:08.9788800-05:00
1023,2025-02-13T11:31:08.9888768-05:00
1023,2025-02-13T11:31:09.0088576-05:00
1023,2025-02-13T11:31:09.0188672-05:00
1023,2025-02-13T11:31:09.0388480-05:00
1023,2025-02-13T11:31:09.0491392-05:00
1023,2025-02-13T11:31:09.0717440-05:00
1023,2025-02-13T11:31:09.0817280-05:00
1023,2025-02-13T11:31:09.1017216-05:00
1023,2025-02-13T11:31:09.1117184-05:00
1023,2025-02-13T11:31:09.1317248-05:00
1023,2025-02-13T11:31:09.1417088-05:00
1023,2025-02-13T11:31:09.1617152-05:00
1023,2025-02-13T11:31:09.1816960-05:00
1023,2025-02-13T11:31:09.1916928-05:00
1023,2025-02-13T11:31:09.2116864-05:00
1023,2025-02-13T11:31:09.2216832-05:00
1023,2025-02-13T11:31:09.2416640-05:00
1023,2025-02-13T11:31:09.2516608-05:00
1023,2025-02-13T11:31:09.2716544-05:00
1023,2025-02-13T11:31:09.2816640-05:00
1023,2025-02-13T11:31:09.3016448-05:00
1023,2025-02-13T11:31:09.3216256-05:00
1023,2025-02-13T11:31:09.3316480-05:00
1023,2025-02-13T11:31:09.3516160-05:00
1023,2025-02-13T11:31:09.3616256-05:00
1023,2025-02-13T11:31:09.3816064-05:00
1023,2025-02-13T11:31:09.3916032-05:00
1023,2025-02-13T11:31:09.4115968-05:00
1023,2025-02-13T11:31:09.4316032-05:00
1023,2025-02-13T11:31:09.4415872-05:00
1023,2025-02-13T11:31:09.4615936-05:00
1023,2025-02-13T11:31:09.4715776-05:00
1023,2025-02-13T11:31:09.4915584-05:00
1023,2025-02-13T11:31:09.5015552-05:00
1023,2025-02-13T11:31:09.5215616-05:00
1023,2025-02-13T11:31:09.5315456-05:00
1023,2025-02-13T11:31:09.5515392-05:00
1023,2025-02-13T11:31:09.5742464-05:00
1023,2025-02-13T11:31:09.5842560-05:00
1023,2025-02-13T11:31:09.5942272-05:00
1023,2025-02-13T11:31:09.6142336-05:00
1023,2025-02-13T11:31:09.6342272-05:00
1023,2025-02-13T11:31:09.6442112-05:00
1023,2025-02-13T11:31:09.6642048-05:00
1023,2025-02-13T11:31:09.6742016-05:00
1023,2025-02-13T11:31:09.6941952-05:00
1023,2025-02-13T11:31:09.7041792-05:00
1023,2025-02-13T11:31:09.7241728-05:00
1023,2025-02-13T11:31:09.7441664-05:00
1023,2025-02-13T11:31:09.7541632-05:00
1023,2025-02-13T11:31:09.7741696-05:00
1023,2025-02-13T11:31:09.7843712-05:00
1023,2025-02-13T11:31:09.8041472-05:00
1023,2025-02-13T11:31:09.8141568-05:00
1023,2025-02-13T11:31:09.8344320-05:00
1023,2025-02-13T11:31:09.8441344-05:00
1023,2025-02-13T11:31:09.8641280-05:00
1023,2025-02-13T11:31:09.8841216-05:00
1023,2025-02-13T11:31:09.8941056-05:00
1023,2025-02-13T11:31:09.9141120-05:00
1023,2025-02-13T11:31:09.9240960-05:00
1023,2025-02-13T11:31:09.9440896-05:00
1023,2025-02-13T11:31:09.9632512-05:00
1023,2025-02-13T11:31:09.9732608-05:00
1023,2025-02-13T11:31:09.9949440-05:00
1023,2025-02-13T11:31:10.0019840-05:00
1023,2025-02-13T11:31:10.0170240-05:00
1023,2025-02-13T11:31:10.0327296-05:00
1023,2025-02-13T11:31:10.0567680-05:00
1023,2025-02-13T11:31:10.0667648-05:00
1023,2025-02-13T11:31:10.0803456-05:00
1023,2025-02-13T11:31:10.1003520-05:00
1023,2025-02-13T11:31:10.1203328-05:00
1023,2025-02-13T11:31:10.1403264-05:00
1023,2025-02-13T11:31:10.1603200-05:00
1023,2025-02-13T11:31:10.1803136-05:00
1023,2025-02-13T11:31:10.2003200-05:00
1023,2025-02-13T11:31:10.2202880-05:00
1023,2025-02-13T11:31:10.2402816-05:00
1023,2025-02-13T11:31:10.2602880-05:00
1023,2025-02-13T11:31:10.2802816-05:00
1023,2025-02-13T11:31:10.3002624-05:00
1023,2025-02-13T11:31:10.3202688-05:00
1023,2025-02-13T11:31:10.3402368-05:00
1023,2025-02-13T11:31:10.3602688-05:00
1023,2025-02-13T11:31:10.3859712-05:00
1023,2025-02-13T11:31:10.3959296-05:00
1023,2025-02-13T11:31:10.4176512-05:00
1023,2025-02-13T11:31:10.4176768-05:00
1023,2025-02-13T11:31:10.4248832-05:00
1023,2025-02-13T11:31:10.4407040-05:00
1023,2025-02-13T11:31:10.4407168-05:00
1023,2025-02-13T11:31:10.4636928-05:00
1023,2025-02-13T11:31:10.4736896-05:00
1023,2025-02-13T11:31:10.4937216-05:00
1023,2025-02-13T11:31:10.5036672-05:00
1023,2025-02-13T11:31:10.5236736-05:00
1023,2025-02-13T11:31:10.5336704-05:00
1023,2025-02-13T11:31:10.5536768-05:00
1023,2025-02-13T11:31:10.5636480-05:00
1023,2025-02-13T11:31:10.5864704-05:00
1023,2025-02-13T11:31:10.5964416-05:00
1023,2025-02-13T11:31:10.6164608-05:00
1023,2025-02-13T11:31:10.6264448-05:00
1023,2025-02-13T11:31:10.6464512-05:00
1023,2025-02-13T11:31:10.6664960-05:00
1023,2025-02-13T11:31:10.6764288-05:00
1023,2025-02-13T11:31:10.6964096-05:00
1023,2025-02-13T11:31:10.7064192-05:00
1023,2025-02-13T11:31:10.7264128-05:00
1023,2025-02-13T11:31:10.7363968-05:00
1023,2025-02-13T11:31:10.7564032-05:00
1004,2025-02-13T11:31:10.7664128-05:00
979,2025-02-13T11:31:10.7864192-05:00
930,2025-02-13T11:31:10.8063744-05:00
906,2025-02-13T11:31:10.8163712-05:00
852,2025-02-13T11:31:10.8363776-05:00
835,2025-02-13T11:31:10.8463872-05:00
792,2025-02-13T11:31:10.8663552-05:00
776,2025-02-13T11:31:10.8763520-05:00
742,2025-02-13T11:31:10.8963328-05:00
708,2025-02-13T11:31:10.9163264-05:00
684,2025-02-13T11:31:10.9263232-05:00
637,2025-02-13T11:31:10.9463168-05:00
612,2025-02-13T11:31:10.9563136-05:00
567,2025-02-13T11:31:10.9763072-05:00
556,2025-02-13T11:31:10.9863040-05:00
513,2025-02-13T11:31:11.0062848-05:00
499,2025-02-13T11:31:11.0162816-05:00
458,2025-02-13T11:31:11.0363008-05:00
417,2025-02-13T11:31:11.0562688-05:00
394,2025-02-13T11:31:11.0662912-05:00
332,2025-02-13T11:31:11.0899072-05:00
289,2025-02-13T11:31:11.1098880-05:00
249,2025-02-13T11:31:11.1299456-05:00
220,2025-02-13T11:31:11.1499008-05:00
200,2025-02-13T11:31:11.1598848-05:00
172,2025-02-13T11:31:11.1798656-05:00
160,2025-02-13T11:31:11.1898624-05:00
102,2025-02-13T11:31:11.2098688-05:00
72,2025-02-13T11:31:11.2198656-05:00
24,2025-02-13T11:31:11.2398336-05:00
1023,2025-02-13T11:31:11.2598272-05:00
1023,2025-02-13T11:31:11.2698368-05:00
1023,2025-02-13T11:31:11.2898304-05:00
1023,2025-02-13T11:31:11.2998144-05:00
1023,2025-02-13T11:31:11.3198080-05:00
1023,2025-02-13T11:31:11.3298176-05:00
1023,2025-02-13T11:31:11.3498112-05:00
1023,2025-02-13T11:31:11.3697792-05:00
1023,2025-02-13T11:31:11.3797760-05:00
1023,2025-02-13T11:31:11.3997696-05:00
1023,2025-02-13T11:31:11.4097664-05:00
1023,2025-02-13T11:31:11.4299392-05:00
1023,2025-02-13T11:31:11.4397696-05:00
1023,2025-02-13T11:31:11.4597504-05:00
1023,2025-02-13T11:31:11.4697472-05:00
1023,2025-02-13T11:31:11.4897280-05:00
1023,2025-02-13T11:31:11.5097344-05:00
1018,2025-02-13T11:31:11.5197184-05:00
987,2025-02-13T11:31:11.5397120-05:00
971,2025-02-13T11:31:11.5497216-05:00
937,2025-02-13T11:31:11.5697024-05:00
910,2025-02-13T11:31:11.5796992-05:00
857,2025-02-13T11:31:11.6025472-05:00
831,2025-02-13T11:31:11.6125440-05:00
799,2025-02-13T11:31:11.6325376-05:00
781,2025-02-13T11:31:11.6425344-05:00
760,2025-02-13T11:31:11.6625152-05:00
744,2025-02-13T11:31:11.6725632-05:00
705,2025-02-13T11:31:11.6926336-05:00
666,2025-02-13T11:31:11.7124864-05:00
643,2025-02-13T11:31:11.7224832-05:00
598,2025-02-13T11:31:11.7425024-05:00
586,2025-02-13T11:31:11.7524864-05:00
554,2025-02-13T11:31:11.7724672-05:00
545,2025-02-13T11:31:11.7824640-05:00
517,2025-02-13T11:31:11.8024576-05:00
475,2025-02-13T11:31:11.8224384-05:00
459,2025-02-13T11:31:11.8324480-05:00
416,2025-02-13T11:31:11.8524416-05:00
388,2025-02-13T11:31:11.8624768-05:00
352,2025-02-13T11:31:11.8824192-05:00
340,2025-02-13T11:31:11.8924160-05:00
312,2025-02-13T11:31:11.9124224-05:00
281,2025-02-13T11:31:11.9324160-05:00
264,2025-02-13T11:31:11.9424000-05:00
221,2025-02-13T11:31:11.9623936-05:00
196,2025-02-13T11:31:11.9724544-05:00
153,2025-02-13T11:31:11.9923840-05:00
138,2025-02-13T11:31:12.0023680-05:00
105,2025-02-13T11:31:12.0223616-05:00
92,2025-02-13T11:31:12.0323712-05:00
60,2025-02-13T11:31:12.0523776-05:00
11,2025-02-13T11:31:12.0723456-05:00
0,2025-02-13T11:31:12.0823424-05:00
1023,2025-02-13T11:31:12.0954496-05:00
1023,2025-02-13T11:31:12.1154432-05:00
1023,2025-02-13T11:31:12.1354368-05:00
1023,2025-02-13T11:31:12.1491584-05:00
1023,2025-02-13T11:31:12.1586944-05:00
1023,2025-02-13T11:31:12.1786112-05:00
1023,2025-02-13T11:31:12.1888896-05:00
1023,2025-02-13T11:31:12.2086144-05:00
1023,2025-02-13T11:31:12.2285952-05:00
1023,2025-02-13T11:31:12.2385920-05:00
1023,2025-02-13T11:31:12.2585856-05:00
1023,2025-02-13T11:31:12.2685952-05:00
1023,2025-02-13T11:31:12.2885760-05:00
1023,2025-02-13T11:31:12.2985600-05:00
1023,2025-02-13T11:31:12.3185408-05:00
1023,2025-02-13T11:31:12.3385472-05:00
1023,2025-02-13T11:31:12.3485696-05:00
1023,2025-02-13T11:31:12.3685504-05:00
1017,2025-02-13T11:31:12.3785344-05:00
982,2025-02-13T11:31:12.3985280-05:00
957,2025-02-13T11:31:12.4085120-05:00
919,2025-02-13T11:31:12.4285184-05:00
901,2025-02-13T11:31:12.4385024-05:00
852,2025-02-13T11:31:12.4585088-05:00
813,2025-02-13T11:31:12.4785024-05:00
790,2025-02-13T11:31:12.4884864-05:00
739,2025-02-13T11:31:12.5084928-05:00
733,2025-02-13T11:31:12.5184768-05:00
688,2025-02-13T11:31:12.5388544-05:00
665,2025-02-13T11:31:12.5485056-05:00
629,2025-02-13T11:31:12.5684864-05:00
585,2025-02-13T11:31:12.5884544-05:00
555,2025-02-13T11:31:12.6015232-05:00
530,2025-02-13T11:31:12.6115200-05:00
487,2025-02-13T11:31:12.6315136-05:00
469,2025-02-13T11:31:12.6415232-05:00
430,2025-02-13T11:31:12.6615040-05:00
387,2025-02-13T11:31:12.6814976-05:00
364,2025-02-13T11:31:12.6914944-05:00
321,2025-02-13T11:31:12.7114752-05:00
300,2025-02-13T11:31:12.7214720-05:00
250,2025-02-13T11:31:12.7414656-05:00
226,2025-02-13T11:31:12.7516416-05:00
178,2025-02-13T11:31:12.7714560-05:00
130,2025-02-13T11:31:12.7914496-05:00
113,2025-02-13T11:31:12.8014848-05:00
77,2025-02-13T11:31:12.8214400-05:00
58,2025-02-13T11:31:12.8314240-05:00
29,2025-02-13T11:31:12.8514176-05:00
11,2025-02-13T11:31:12.8614528-05:00
1023,2025-02-13T11:31:12.8814080-05:00
1023,2025-02-13T11:31:12.8913920-05:00
1023,2025-02-13T11:31:12.9113984-05:00
1023,2025-02-13T11:31:12.9314048-05:00
1023,2025-02-13T11:31:12.9413888-05:00
1023,2025-02-13T11:31:12.9615872-05:00
1023,2025-02-13T11:31:12.9713792-05:00
1023,2025-02-13T11:31:12.9913600-05:00
1023,2025-02-13T11:31:13.0013696-05:00
1023,2025-02-13T11:31:13.0248064-05:00
1023,2025-02-13T11:31:13.0348160-05:00
1023,2025-02-13T11:31:13.0480640-05:00
1023,2025-02-13T11:31:13.0640768-05:00
1023,2025-02-13T11:31:13.0791936-05:00
1023,2025-02-13T11:31:13.0944768-05:00
1023,2025-02-13T11:31:13.1139968-05:00
976,2025-02-13T11:31:13.1339904-05:00
959,2025-02-13T11:31:13.1440000-05:00
911,2025-02-13T11:31:13.1639680-05:00
903,2025-02-13T11:31:13.1740032-05:00
856,2025-02-13T11:31:13.1939584-05:00
850,2025-02-13T11:31:13.2039680-05:00
848,2025-02-13T11:31:13.2239488-05:00
891,2025-02-13T11:31:13.2439424-05:00
906,2025-02-13T11:31:13.2539392-05:00
936,2025-02-13T11:31:13.2739328-05:00
949,2025-02-13T11:31:13.2839296-05:00
959,2025-02-13T11:31:13.3039104-05:00
960,2025-02-13T11:31:13.3139072-05:00
961,2025-02-13T11:31:13.3339264-05:00
974,2025-02-13T11:31:13.3542912-05:00
987,2025-02-13T11:31:13.3638912-05:00
1023,2025-02-13T11:31:13.3838848-05:00
1023,2025-02-13T11:31:13.3938816-05:00
1023,2025-02-13T11:31:13.4138752-05:00
1023,2025-02-13T11:31:13.4238592-05:00
1023,2025-02-13T11:31:13.4438784-05:00
1023,2025-02-13T11:31:13.4641536-05:00
1023,2025-02-13T11:31:13.4641664-05:00
1023,2025-02-13T11:31:13.4738688-05:00
1023,2025-02-13T11:31:13.4938368-05:00
1023,2025-02-13T11:31:13.5038336-05:00
1023,2025-02-13T11:31:13.5238400-05:00
1023,2025-02-13T11:31:13.5338240-05:00
1023,2025-02-13T11:31:13.5538176-05:00
1023,2025-02-13T11:31:13.5638144-05:00
1023,2025-02-13T11:31:13.5838080-05:00
1023,2025-02-13T11:31:13.6038016-05:00
1023,2025-02-13T11:31:13.6164992-05:00
1023,2025-02-13T11:31:13.6264704-05:00
1023,2025-02-13T11:31:13.6464640-05:00
1023,2025-02-13T11:31:13.6664704-05:00
1023,2025-02-13T11:31:13.6764672-05:00
1023,2025-02-13T11:31:13.6964608-05:00
1023,2025-02-13T11:31:13.7064448-05:00
1023,2025-02-13T11:31:13.7270656-05:00
1023,2025-02-13T11:31:13.7364608-05:00
1023,2025-02-13T11:31:13.7564288-05:00
1023,2025-02-13T11:31:13.7764096-05:00
1023,2025-02-13T11:31:13.7864320-05:00
1023,2025-02-13T11:31:13.8063872-05:00
1023,2025-02-13T11:31:13.8163968-05:00
1023,2025-02-13T11:31:13.8363904-05:00
1023,2025-02-13T11:31:13.8463744-05:00
1023,2025-02-13T11:31:13.8663680-05:00
1023,2025-02-13T11:31:13.8763776-05:00
1023,2025-02-13T11:31:13.8963712-05:00
1023,2025-02-13T11:31:13.9163648-05:00
1023,2025-02-13T11:31:13.9263488-05:00
1023,2025-02-13T11:31:13.9463552-05:00
1023,2025-02-13T11:31:13.9563392-05:00
1023,2025-02-13T11:31:13.9763456-05:00
1018,2025-02-13T11:31:13.9863168-05:00
961,2025-02-13T11:31:14.0063104-05:00
887,2025-02-13T11:31:14.0263040-05:00
854,2025-02-13T11:31:14.0363136-05:00
801,2025-02-13T11:31:14.0564352-05:00
798,2025-02-13T11:31:14.0564480-05:00
771,2025-02-13T11:31:14.0663168-05:00
724,2025-02-13T11:31:14.0862848-05:00
702,2025-02-13T11:31:14.0962944-05:00
648,2025-02-13T11:31:14.1191168-05:00
615,2025-02-13T11:31:14.1291136-05:00
551,2025-02-13T11:31:14.1492736-05:00
517,2025-02-13T11:31:14.1590784-05:00
459,2025-02-13T11:31:14.1790720-05:00
433,2025-02-13T11:31:14.1890560-05:00
376,2025-02-13T11:31:14.2090880-05:00
339,2025-02-13T11:31:14.2290560-05:00
312,2025-02-13T11:31:14.2390528-05:00
251,2025-02-13T11:31:14.2590592-05:00
218,2025-02-13T11:31:14.2690304-05:00
157,2025-02-13T11:31:14.2890368-05:00
128,2025-02-13T11:31:14.2990208-05:00
81,2025-02-13T11:31:14.3190272-05:00
28,2025-02-13T11:31:14.3390080-05:00
5,2025-02-13T11:31:14.3490048-05:00
1023,2025-02-13T11:31:14.3689984-05:00
1023,2025-02-13T11:31:14.3790208-05:00
1023,2025-02-13T11:31:14.3989888-05:00
1023,2025-02-13T11:31:14.4089728-05:00
1023,2025-02-13T11:31:14.4289664-05:00
1023,2025-02-13T11:31:14.4389632-05:00
1023,2025-02-13T11:31:14.4589696-05:00
1023,2025-02-13T11:31:14.4789632-05:00
1023,2025-02-13T11:31:14.4889472-05:00
1023,2025-02-13T11:31:14.5089408-05:00
1023,2025-02-13T11:31:14.5189376-05:00
1016,2025-02-13T11:31:14.5389184-05:00
981,2025-02-13T11:31:14.5489152-05:00
944,2025-02-13T11:31:14.5689216-05:00
889,2025-02-13T11:31:14.5889280-05:00
865,2025-02-13T11:31:14.5988864-05:00
808,2025-02-13T11:31:14.6220544-05:00
779,2025-02-13T11:31:14.6320256-05:00
747,2025-02-13T11:31:14.6420224-05:00
694,2025-02-13T11:31:14.6620160-05:00
641,2025-02-13T11:31:14.6823552-05:00
639,2025-02-13T11:31:14.6823680-05:00
621,2025-02-13T11:31:14.6919936-05:00
571,2025-02-13T11:31:14.7120000-05:00
551,2025-02-13T11:31:14.7220224-05:00
499,2025-02-13T11:31:14.7419776-05:00
463,2025-02-13T11:31:14.7519616-05:00
414,2025-02-13T11:31:14.7719680-05:00
361,2025-02-13T11:31:14.7919616-05:00
330,2025-02-13T11:31:14.8019584-05:00
286,2025-02-13T11:31:14.8219520-05:00
266,2025-02-13T11:31:14.8319360-05:00
228,2025-02-13T11:31:14.8519424-05:00
193,2025-02-13T11:31:14.8624128-05:00
122,2025-02-13T11:31:14.8819328-05:00
106,2025-02-13T11:31:14.8919168-05:00
52,2025-02-13T11:31:14.9119104-05:00
2,2025-02-13T11:31:14.9318912-05:00
1023,2025-02-13T11:31:14.9419008-05:00
1023,2025-02-13T11:31:14.9618944-05:00
1023,2025-02-13T11:31:14.9719040-05:00
1023,2025-02-13T11:31:14.9918720-05:00
1023,2025-02-13T11:31:15.0018816-05:00
1023,2025-02-13T11:31:15.0218624-05:00
1023,2025-02-13T11:31:15.0418560-05:00
1023,2025-02-13T11:31:15.0518528-05:00
1023,2025-02-13T11:31:15.0718464-05:00
1023,2025-02-13T11:31:15.0818432-05:00
1023,2025-02-13T11:31:15.1018624-05:00
1023,2025-02-13T11:31:15.1118336-05:00
1023,2025-02-13T11:31:15.1354368-05:00
1002,2025-02-13T11:31:15.1454208-05:00
952,2025-02-13T11:31:15.1654272-05:00
927,2025-02-13T11:31:15.1754240-05:00
881,2025-02-13T11:31:15.1954048-05:00
862,2025-02-13T11:31:15.2054016-05:00
816,2025-02-13T11:31:15.2253952-05:00
790,2025-02-13T11:31:15.2354176-05:00
739,2025-02-13T11:31:15.2553856-05:00
690,2025-02-13T11:31:15.2753664-05:00
671,2025-02-13T11:31:15.2853760-05:00
616,2025-02-13T11:31:15.3053696-05:00
599,2025-02-13T11:31:15.3153536-05:00
554,2025-02-13T11:31:15.3353600-05:00
530,2025-02-13T11:31:15.3453440-05:00
485,2025-02-13T11:31:15.3653376-05:00
428,2025-02-13T11:31:15.3853312-05:00
408,2025-02-13T11:31:15.3953408-05:00
358,2025-02-13T11:31:15.4153216-05:00
345,2025-02-13T11:31:15.4253184-05:00
295,2025-02-13T11:31:15.4456448-05:00
290,2025-02-13T11:31:15.4456576-05:00
272,2025-02-13T11:31:15.4553216-05:00
226,2025-02-13T11:31:15.4753024-05:00
177,2025-02-13T11:31:15.4952960-05:00
155,2025-02-13T11:31:15.5052928-05:00
95,2025-02-13T11:31:15.5252736-05:00
86,2025-02-13T11:31:15.5352832-05:00
29,2025-02-13T11:31:15.5552512-05:00
6,2025-02-13T11:31:15.5652480-05:00
1023,2025-02-13T11:31:15.5852416-05:00
1023,2025-02-13T11:31:15.5952640-05:00
1023,2025-02-13T11:31:15.6152448-05:00
1023,2025-02-13T11:31:15.6283776-05:00
1023,2025-02-13T11:31:15.6483456-05:00
1023,2025-02-13T11:31:15.6483584-05:00
1023,2025-02-13T11:31:15.6583552-05:00
1023,2025-02-13T11:31:15.6787072-05:00
1023,2025-02-13T11:31:15.6787200-05:00
1023,2025-02-13T11:31:15.6983296-05:00
1023,2025-02-13T11:31:15.7083520-05:00
1023,2025-02-13T11:31:15.7286528-05:00
1023,2025-02-13T11:31:15.7383040-05:00
1023,2025-02-13T11:31:15.7583104-05:00
1023,2025-02-13T11:31:15.7683072-05:00
1023,2025-02-13T11:31:15.7882880-05:00
1006,2025-02-13T11:31:15.7982848-05:00
963,2025-02-13T11:31:15.8182784-05:00
922,2025-02-13T11:31:15.8382720-05:00
897,2025-02-13T11:31:15.8482816-05:00
854,2025-02-13T11:31:15.8682880-05:00
831,2025-02-13T11:31:15.8782464-05:00
787,2025-02-13T11:31:15.8982528-05:00
758,2025-02-13T11:31:15.9082496-05:00
718,2025-02-13T11:31:15.9282816-05:00
678,2025-02-13T11:31:15.9482240-05:00
653,2025-02-13T11:31:15.9582336-05:00
624,2025-02-13T11:31:15.9782272-05:00
597,2025-02-13T11:31:15.9882240-05:00
542,2025-02-13T11:31:16.0082304-05:00
529,2025-02-13T11:31:16.0182016-05:00
486,2025-02-13T11:31:16.0381952-05:00
465,2025-02-13T11:31:16.0484096-05:00
430,2025-02-13T11:31:16.0663296-05:00
382,2025-02-13T11:31:16.0882816-05:00
366,2025-02-13T11:31:16.0963200-05:00
329,2025-02-13T11:31:16.1131776-05:00
289,2025-02-13T11:31:16.1322752-05:00
265,2025-02-13T11:31:16.1422720-05:00
221,2025-02-13T11:31:16.1625216-05:00
179,2025-02-13T11:31:16.1822592-05:00
154,2025-02-13T11:31:16.1922432-05:00
116,2025-02-13T11:31:16.2122496-05:00
100,2025-02-13T11:31:16.2222464-05:00
49,2025-02-13T11:31:16.2422528-05:00
43,2025-02-13T11:31:16.2522240-05:00
1023,2025-02-13T11:31:16.2722560-05:00
1023,2025-02-13T11:31:16.2922112-05:00
1023,2025-02-13T11:31:16.3026304-05:00
1023,2025-02-13T11:31:16.3222144-05:00
1023,2025-02-13T11:31:16.3321984-05:00
1023,2025-02-13T11:31:16.3526912-05:00
1023,2025-02-13T11:31:16.3621888-05:00
1023,2025-02-13T11:31:16.3821696-05:00
1023,2025-02-13T11:31:16.3921792-05:00
1023,2025-02-13T11:31:16.4121600-05:00
1023,2025-02-13T11:31:16.4321408-05:00
1023,2025-02-13T11:31:16.4421504-05:00
1023,2025-02-13T11:31:16.4621312-05:00
1023,2025-02-13T11:31:16.4721536-05:00
1023,2025-02-13T11:31:16.4921216-05:00
1021,2025-02-13T11:31:16.5021312-05:00
999,2025-02-13T11:31:16.5221376-05:00
958,2025-02-13T11:31:16.5421184-05:00
947,2025-02-13T11:31:16.5521152-05:00
900,2025-02-13T11:31:16.5721216-05:00
879,2025-02-13T11:31:16.5820800-05:00
854,2025-02-13T11:31:16.6021248-05:00
823,2025-02-13T11:31:16.6120704-05:00
781,2025-02-13T11:31:16.6350336-05:00
757,2025-02-13T11:31:16.6450176-05:00
717,2025-02-13T11:31:16.6650112-05:00
702,2025-02-13T11:31:16.6750080-05:00
664,2025-02-13T11:31:16.6950144-05:00
646,2025-02-13T11:31:16.7049984-05:00
608,2025-02-13T11:31:16.7250688-05:00
566,2025-02-13T11:31:16.7449728-05:00
549,2025-02-13T11:31:16.7549824-05:00
505,2025-02-13T11:31:16.7749760-05:00
485,2025-02-13T11:31:16.7852288-05:00
455,2025-02-13T11:31:16.8049536-05:00
434,2025-02-13T11:31:16.8149632-05:00
390,2025-02-13T11:31:16.8349440-05:00
362,2025-02-13T11:31:16.8549376-05:00
344,2025-02-13T11:31:16.8649216-05:00
310,2025-02-13T11:31:16.8849152-05:00
284,2025-02-13T11:31:16.8949120-05:00
249,2025-02-13T11:31:16.9149056-05:00
231,2025-02-13T11:31:16.9249024-05:00
189,2025-02-13T11:31:16.9448960-05:00
173,2025-02-13T11:31:16.9548928-05:00
128,2025-02-13T11:31:16.9748992-05:00
93,2025-02-13T11:31:16.9948672-05:00
74,2025-02-13T11:31:17.0048640-05:00
38,2025-02-13T11:31:17.0248576-05:00
22,2025-02-13T11:31:17.0348544-05:00
1023,2025-02-13T11:31:17.0548864-05:00
1023,2025-02-13T11:31:17.0658048-05:00
1023,2025-02-13T11:31:17.0857600-05:00
1023,2025-02-13T11:31:17.0957568-05:00
1023,2025-02-13T11:31:17.1164416-05:00
1023,2025-02-13T11:31:17.1276416-05:00
1023,2025-02-13T11:31:17.1501696-05:00
1023,2025-02-13T11:31:17.1601920-05:00
1023,2025-02-13T11:31:17.1801600-05:00
1023,2025-02-13T11:31:17.1901440-05:00
1023,2025-02-13T11:31:17.2101376-05:00
1023,2025-02-13T11:31:17.2201472-05:00
1023,2025-02-13T11:31:17.2401536-05:00
1023,2025-02-13T11:31:17.2601216-05:00
1023,2025-02-13T11:31:17.2701184-05:00
1023,2025-02-13T11:31:17.2901248-05:00
1023,2025-02-13T11:31:17.3001088-05:00
1022,2025-02-13T11:31:17.3201024-05:00
1005,2025-02-13T11:31:17.3300992-05:00
971,2025-02-13T11:31:17.3500928-05:00
937,2025-02-13T11:31:17.3700864-05:00
920,2025-02-13T11:31:17.3800832-05:00
882,2025-02-13T11:31:17.4001024-05:00
871,2025-02-13T11:31:17.4100608-05:00
831,2025-02-13T11:31:17.4300544-05:00
819,2025-02-13T11:31:17.4401408-05:00
794,2025-02-13T11:31:17.4600448-05:00
763,2025-02-13T11:31:17.4700416-05:00
733,2025-02-13T11:31:17.4900480-05:00
703,2025-02-13T11:31:17.5100160-05:00
682,2025-02-13T11:31:17.5200384-05:00
656,2025-02-13T11:31:17.5400064-05:00
633,2025-02-13T11:31:17.5500160-05:00
599,2025-02-13T11:31:17.5699968-05:00
588,2025-02-13T11:31:17.5800064-05:00
548,2025-02-13T11:31:17.5999872-05:00
519,2025-02-13T11:31:17.6199808-05:00
503,2025-02-13T11:31:17.6299776-05:00
482,2025-02-13T11:31:17.6432000-05:00
450,2025-02-13T11:31:17.6631936-05:00
431,2025-02-13T11:31:17.6731776-05:00
402,2025-02-13T11:31:17.6931712-05:00
369,2025-02-13T11:31:17.7131648-05:00
348,2025-02-13T11:31:17.7231744-05:00
326,2025-02-13T11:31:17.7431680-05:00
300,2025-02-13T11:31:17.7531520-05:00
268,2025-02-13T11:31:17.7731584-05:00
254,2025-02-13T11:31:17.7831424-05:00
221,2025-02-13T11:31:17.8031616-05:00
185,2025-02-13T11:31:17.8231296-05:00
161,2025-02-13T11:31:17.8331136-05:00
137,2025-02-13T11:31:17.8531072-05:00
119,2025-02-13T11:31:17.8631040-05:00
89,2025-02-13T11:31:17.8830976-05:00
67,2025-02-13T11:31:17.8930944-05:00
34,2025-02-13T11:31:17.9130752-05:00
7,2025-02-13T11:31:17.9330816-05:00
1023,2025-02-13T11:31:17.9430784-05:00
1023,2025-02-13T11:31:17.9630592-05:00
1023,2025-02-13T11:31:17.9730816-05:00
1023,2025-02-13T11:31:17.9930496-05:00
1023,2025-02-13T11:31:18.0030848-05:00
1023,2025-02-13T11:31:18.0234496-05:00
1023,2025-02-13T11:31:18.0332288-05:00
1023,2025-02-13T11:31:18.0530304-05:00
1023,2025-02-13T11:31:18.0732416-05:00
1023,2025-02-13T11:31:18.0830080-05:00
1023,2025-02-13T11:31:18.1030016-05:00
1023,2025-02-13T11:31:18.1129984-05:00
1023,2025-02-13T11:31:18.1329920-05:00
1023,2025-02-13T11:31:18.1460864-05:00
1023,2025-02-13T11:31:18.1660672-05:00
1023,2025-02-13T11:31:18.1762304-05:00
1023,2025-02-13T11:31:18.1960576-05:00
1023,2025-02-13T11:31:18.2060544-05:00
1023,2025-02-13T11:31:18.2260608-05:00
1023,2025-02-13T11:31:18.2360704-05:00
1021,2025-02-13T11:31:18.2560512-05:00
993,2025-02-13T11:31:18.2760192-05:00
977,2025-02-13T11:31:18.2861440-05:00
952,2025-02-13T11:31:18.3060096-05:00
939,2025-02-13T11:31:18.3160320-05:00
908,2025-02-13T11:31:18.3360000-05:00
892,2025-02-13T11:31:18.3459968-05:00
864,2025-02-13T11:31:18.3659904-05:00
835,2025-02-13T11:31:18.3859968-05:00
821,2025-02-13T11:31:18.3959680-05:00
793,2025-02-13T11:31:18.4160000-05:00
781,2025-02-13T11:31:18.4259584-05:00
752,2025-02-13T11:31:18.4459520-05:00
737,2025-02-13T11:31:18.4559616-05:00
715,2025-02-13T11:31:18.4759936-05:00
697,2025-02-13T11:31:18.4859392-05:00
672,2025-02-13T11:31:18.5059328-05:00
642,2025-02-13T11:31:18.5259264-05:00
631,2025-02-13T11:31:18.5359360-05:00
607,2025-02-13T11:31:18.5559168-05:00
599,2025-02-13T11:31:18.5659008-05:00
572,2025-02-13T11:31:18.5859072-05:00
555,2025-02-13T11:31:18.5959168-05:00
532,2025-02-13T11:31:18.6158848-05:00
504,2025-02-13T11:31:18.6358784-05:00
486,2025-02-13T11:31:18.6491648-05:00
468,2025-02-13T11:31:18.6591232-05:00
447,2025-02-13T11:31:18.6791040-05:00
431,2025-02-13T11:31:18.6891136-05:00
403,2025-02-13T11:31:18.7091200-05:00
382,2025-02-13T11:31:18.7290880-05:00
370,2025-02-13T11:31:18.7390848-05:00
337,2025-02-13T11:31:18.7590784-05:00
335,2025-02-13T11:31:18.7690880-05:00
303,2025-02-13T11:31:18.7890688-05:00
287,2025-02-13T11:31:18.7990656-05:00
262,2025-02-13T11:31:18.8194944-05:00
235,2025-02-13T11:31:18.8390528-05:00
223,2025-02-13T11:31:18.8490496-05:00
189,2025-02-13T11:31:18.8690304-05:00
179,2025-02-13T11:31:18.8790400-05:00
153,2025-02-13T11:31:18.8990208-05:00
135,2025-02-13T11:31:18.9090176-05:00
113,2025-02-13T11:31:18.9290112-05:00
98,2025-02-13T11:31:18.9390080-05:00
59,2025-02-13T11:31:18.9593344-05:00
43,2025-02-13T11:31:18.9790208-05:00
31,2025-02-13T11:31:18.9890048-05:00
0,2025-02-13T11:31:19.0089856-05:00
1023,2025-02-13T11:31:19.0189824-05:00
1023,2025-02-13T11:31:19.0389632-05:00
1023,2025-02-13T11:31:19.0489856-05:00
1023,2025-02-13T11:31:19.0689664-05:00
1023,2025-02-13T11:31:19.0889600-05:00
1023,2025-02-13T11:31:19.0989440-05:00
1023,2025-02-13T11:31:19.1189376-05:00
1023,2025-02-13T11:31:19.1289984-05:00
1023,2025-02-13T11:31:19.1516288-05:00
1023,2025-02-13T11:31:19.1716608-05:00
1023,2025-02-13T11:31:19.1916288-05:00
1023,2025-02-13T11:31:19.2115968-05:00
1023,2025-02-13T11:31:19.2315904-05:00
1023,2025-02-13T11:31:19.2515712-05:00
1023,2025-02-13T11:31:19.2715776-05:00
1023,2025-02-13T11:31:19.2915584-05:00
1023,2025-02-13T11:31:19.3115520-05:00
1023,2025-02-13T11:31:19.3315456-05:00
1023,2025-02-13T11:31:19.3515648-05:00
1023,2025-02-13T11:31:19.3715328-05:00
1023,2025-02-13T11:31:19.3915520-05:00
1014,2025-02-13T11:31:19.4115200-05:00
1004,2025-02-13T11:31:19.4315008-05:00
985,2025-02-13T11:31:19.4515200-05:00
960,2025-02-13T11:31:19.4715136-05:00
935,2025-02-13T11:31:19.4914816-05:00
917,2025-02-13T11:31:19.5114752-05:00
895,2025-02-13T11:31:19.5316096-05:00
878,2025-02-13T11:31:19.5514496-05:00
855,2025-02-13T11:31:19.5714432-05:00
835,2025-02-13T11:31:19.5914368-05:00
815,2025-02-13T11:31:19.6114304-05:00
799,2025-02-13T11:31:19.6314240-05:00
775,2025-02-13T11:31:19.6544128-05:00
765,2025-02-13T11:31:19.6648064-05:00
762,2025-02-13T11:31:19.6743808-05:00
741,2025-02-13T11:31:19.6943744-05:00
719,2025-02-13T11:31:19.7143680-05:00
710,2025-02-13T11:31:19.7243648-05:00
696,2025-02-13T11:31:19.7443584-05:00
682,2025-02-13T11:31:19.7544320-05:00
663,2025-02-13T11:31:19.7743488-05:00
656,2025-02-13T11:31:19.7843328-05:00
637,2025-02-13T11:31:19.8043264-05:00
629,2025-02-13T11:31:19.8143232-05:00
611,2025-02-13T11:31:19.8343296-05:00
593,2025-02-13T11:31:19.8543232-05:00
585,2025-02-13T11:31:19.8642944-05:00
568,2025-02-13T11:31:19.8843008-05:00
555,2025-02-13T11:31:19.8943104-05:00
543,2025-02-13T11:31:19.9142912-05:00
533,2025-02-13T11:31:19.9242752-05:00
520,2025-02-13T11:31:19.9442688-05:00
497,2025-02-13T11:31:19.9647232-05:00
496,2025-02-13T11:31:19.9743104-05:00
476,2025-02-13T11:31:19.9942656-05:00
464,2025-02-13T11:31:20.0042496-05:00
445,2025-02-13T11:31:20.0255104-05:00
439,2025-02-13T11:31:20.0255232-05:00
439,2025-02-13T11:31:20.0342528-05:00
417,2025-02-13T11:31:20.0542336-05:00
409,2025-02-13T11:31:20.0642176-05:00
387,2025-02-13T11:31:20.0844288-05:00
373,2025-02-13T11:31:20.1042048-05:00
364,2025-02-13T11:31:20.1142144-05:00
343,2025-02-13T11:31:20.1341952-05:00
328,2025-02-13T11:31:20.1442048-05:00
316,2025-02-13T11:31:20.1670912-05:00
293,2025-02-13T11:31:20.1771008-05:00
287,2025-02-13T11:31:20.1970944-05:00
278,2025-02-13T11:31:20.2070912-05:00
260,2025-02-13T11:31:20.2270720-05:00
241,2025-02-13T11:31:20.2370944-05:00
230,2025-02-13T11:31:20.2570624-05:00
227,2025-02-13T11:31:20.2770688-05:00
201,2025-02-13T11:31:20.2870400-05:00
181,2025-02-13T11:31:20.3070720-05:00
175,2025-02-13T11:31:20.3170432-05:00
151,2025-02-13T11:31:20.3370368-05:00
148,2025-02-13T11:31:20.3470336-05:00
125,2025-02-13T11:31:20.3670400-05:00
118,2025-02-13T11:31:20.3770112-05:00
96,2025-02-13T11:31:20.3970176-05:00
79,2025-02-13T11:31:20.4170112-05:00
70,2025-02-13T11:31:20.4270208-05:00
48,2025-02-13T11:31:20.4469888-05:00
28,2025-02-13T11:31:20.4569984-05:00
17,2025-02-13T11:31:20.4770048-05:00
13,2025-02-13T11:31:20.4770176-05:00
2,2025-02-13T11:31:20.4869888-05:00
1023,2025-02-13T11:31:20.5069568-05:00
1023,2025-02-13T11:31:20.5269504-05:00
1023,2025-02-13T11:31:20.5369600-05:00
1023,2025-02-13T11:31:20.5569664-05:00
1023,2025-02-13T11:31:20.5669376-05:00
1023,2025-02-13T11:31:20.5869312-05:00
1023,2025-02-13T11:31:20.5969280-05:00
1023,2025-02-13T11:31:20.6169216-05:00
1023,2025-02-13T11:31:20.6269440-05:00
1023,2025-02-13T11:31:20.6469120-05:00
1023,2025-02-13T11:31:20.6600192-05:00
1023,2025-02-13T11:31:20.6799872-05:00
1023,2025-02-13T11:31:20.6899712-05:00
1023,2025-02-13T11:31:20.7099648-05:00
1023,2025-02-13T11:31:20.7299584-05:00
1023,2025-02-13T11:31:20.7399552-05:00
1023,2025-02-13T11:31:20.7599488-05:00
1023,2025-02-13T11:31:20.7699456-05:00
1023,2025-02-13T11:31:20.7899264-05:00
1023,2025-02-13T11:31:20.7999232-05:00
1023,2025-02-13T11:31:20.8199296-05:00
1023,2025-02-13T11:31:20.8299136-05:00
1023,2025-02-13T11:31:20.8499072-05:00
1023,2025-02-13T11:31:20.8698880-05:00
1023,2025-02-13T11:31:20.8799104-05:00
1023,2025-02-13T11:31:20.8999040-05:00
1023,2025-02-13T11:31:20.9098752-05:00
1023,2025-02-13T11:31:20.9298688-05:00
1023,2025-02-13T11:31:20.9398784-05:00
1023,2025-02-13T11:31:20.9603584-05:00
1023,2025-02-13T11:31:20.9603712-05:00
1023,2025-02-13T11:31:20.9798656-05:00
1023,2025-02-13T11:31:20.9898496-05:00
1023,2025-02-13T11:31:21.0098432-05:00
1023,2025-02-13T11:31:21.0198400-05:00
1023,2025-02-13T11:31:21.0398336-05:00
1023,2025-02-13T11:31:21.0498176-05:00
1023,2025-02-13T11:31:21.0662912-05:00
1023,2025-02-13T11:31:21.0817024-05:00
1017,2025-02-13T11:31:21.1033088-05:00
1010,2025-02-13T11:31:21.1115264-05:00
986,2025-02-13T11:31:21.1355648-05:00
990,2025-02-13T11:31:21.1455360-05:00
979,2025-02-13T11:31:21.1686144-05:00
972,2025-02-13T11:31:21.1787648-05:00
960,2025-02-13T11:31:21.1985920-05:00
955,2025-02-13T11:31:21.2086016-05:00
941,2025-02-13T11:31:21.2285952-05:00
936,2025-02-13T11:31:21.2385792-05:00
922,2025-02-13T11:31:21.2585728-05:00
924,2025-02-13T11:31:21.2685952-05:00
912,2025-02-13T11:31:21.2885888-05:00
905,2025-02-13T11:31:21.3085696-05:00
898,2025-02-13T11:31:21.3185536-05:00
889,2025-02-13T11:31:21.3385472-05:00
886,2025-02-13T11:31:21.3485440-05:00
879,2025-02-13T11:31:21.3685760-05:00
873,2025-02-13T11:31:21.3785216-05:00
863,2025-02-13T11:31:21.3985152-05:00
862,2025-02-13T11:31:21.4085376-05:00
855,2025-02-13T11:31:21.4285568-05:00
851,2025-02-13T11:31:21.4485120-05:00
842,2025-02-13T11:31:21.4584832-05:00
836,2025-02-13T11:31:21.4785024-05:00
832,2025-02-13T11:31:21.4886400-05:00
821,2025-02-13T11:31:21.5085056-05:00
813,2025-02-13T11:31:21.5184768-05:00
814,2025-02-13T11:31:21.5384704-05:00
810,2025-02-13T11:31:21.5584512-05:00
799,2025-02-13T11:31:21.5684480-05:00
802,2025-02-13T11:31:21.5884544-05:00
802,2025-02-13T11:31:21.5984640-05:00
795,2025-02-13T11:31:21.6184320-05:00
792,2025-02-13T11:31:21.6284416-05:00
788,2025-02-13T11:31:21.6434688-05:00
783,2025-02-13T11:31:21.6633472-05:00
778,2025-02-13T11:31:21.6743040-05:00
773,2025-02-13T11:31:21.6893824-05:00
775,2025-02-13T11:31:21.7071360-05:00
767,2025-02-13T11:31:21.7291648-05:00
765,2025-02-13T11:31:21.7391616-05:00
767,2025-02-13T11:31:21.7591680-05:00
756,2025-02-13T11:31:21.7691392-05:00
754,2025-02-13T11:31:21.7891840-05:00
753,2025-02-13T11:31:21.7891968-05:00
756,2025-02-13T11:31:21.7991296-05:00
737,2025-02-13T11:31:21.8193536-05:00
746,2025-02-13T11:31:21.8391296-05:00
748,2025-02-13T11:31:21.8391552-05:00
744,2025-02-13T11:31:21.8491008-05:00
755,2025-02-13T11:31:21.8693120-05:00
741,2025-02-13T11:31:21.8693248-05:00
739,2025-02-13T11:31:21.8790912-05:00
737,2025-02-13T11:31:21.8990976-05:00
735,2025-02-13T11:31:21.9090944-05:00
731,2025-02-13T11:31:21.9292032-05:00
732,2025-02-13T11:31:21.9292160-05:00
724,2025-02-13T11:31:21.9490688-05:00
732,2025-02-13T11:31:21.9590784-05:00
725,2025-02-13T11:31:21.9790592-05:00
723,2025-02-13T11:31:21.9890560-05:00
726,2025-02-13T11:31:22.0090496-05:00
728,2025-02-13T11:31:22.0190464-05:00
720,2025-02-13T11:31:22.0390272-05:00
717,2025-02-13T11:31:22.0490240-05:00
705,2025-02-13T11:31:22.0690176-05:00
715,2025-02-13T11:31:22.0890112-05:00
713,2025-02-13T11:31:22.0989952-05:00
715,2025-02-13T11:31:22.1190144-05:00
713,2025-02-13T11:31:22.1289856-05:00
716,2025-02-13T11:31:22.1489920-05:00
714,2025-02-13T11:31:22.1589760-05:00
706,2025-02-13T11:31:22.1825536-05:00
709,2025-02-13T11:31:22.1925504-05:00
708,2025-02-13T11:31:22.2125440-05:00
709,2025-02-13T11:31:22.2225280-05:00
704,2025-02-13T11:31:22.2425344-05:00
698,2025-02-13T11:31:22.2525184-05:00
706,2025-02-13T11:31:22.2725120-05:00
709,2025-02-13T11:31:22.2925056-05:00
708,2025-02-13T11:31:22.3025024-05:00
706,2025-02-13T11:31:22.3224960-05:00
704,2025-02-13T11:31:22.3324800-05:00
701,2025-02-13T11:31:22.3518208-05:00
705,2025-02-13T11:31:22.3694720-05:00
713,2025-02-13T11:31:22.3856000-05:00
708,2025-02-13T11:31:22.4022400-05:00
705,2025-02-13T11:31:22.4190976-05:00
708,2025-02-13T11:31:22.4265856-05:00
705,2025-02-13T11:31:22.4413056-05:00
713,2025-02-13T11:31:22.4584320-05:00
708,2025-02-13T11:31:22.4746880-05:00
702,2025-02-13T11:31:22.4906112-05:00
707,2025-02-13T11:31:22.5024640-05:00
706,2025-02-13T11:31:22.5180288-05:00
709,2025-02-13T11:31:22.5380352-05:00
707,2025-02-13T11:31:22.5580160-05:00
709,2025-02-13T11:31:22.5680000-05:00
711,2025-02-13T11:31:22.5883904-05:00
711,2025-02-13T11:31:22.5980032-05:00
712,2025-02-13T11:31:22.6179840-05:00
708,2025-02-13T11:31:22.6279808-05:00
715,2025-02-13T11:31:22.6479744-05:00
712,2025-02-13T11:31:22.6679680-05:00
715,2025-02-13T11:31:22.6779904-05:00
710,2025-02-13T11:31:22.6906368-05:00
711,2025-02-13T11:31:22.7106176-05:00
723,2025-02-13T11:31:22.7270272-05:00
718,2025-02-13T11:31:22.7388672-05:00
718,2025-02-13T11:31:22.7537792-05:00
719,2025-02-13T11:31:22.7707776-05:00
717,2025-02-13T11:31:22.7838080-05:00
719,2025-02-13T11:31:22.8008064-05:00
720,2025-02-13T11:31:22.8148608-05:00
723,2025-02-13T11:31:22.8368768-05:00
723,2025-02-13T11:31:22.8478208-05:00
722,2025-02-13T11:31:22.8628096-05:00
729,2025-02-13T11:31:22.8828032-05:00
729,2025-02-13T11:31:22.9018240-05:00
728,2025-02-13T11:31:22.9119616-05:00
729,2025-02-13T11:31:22.9330688-05:00
732,2025-02-13T11:31:22.9424640-05:00
732,2025-02-13T11:31:22.9560576-05:00
743,2025-02-13T11:31:22.9766400-05:00
739,2025-02-13T11:31:22.9878784-05:00
736,2025-02-13T11:31:23.0058368-05:00
736,2025-02-13T11:31:23.0198784-05:00
730,2025-02-13T11:31:23.0358528-05:00
735,2025-02-13T11:31:23.0528384-05:00
754,2025-02-13T11:31:23.0689536-05:00
750,2025-02-13T11:31:23.0862080-05:00
744,2025-02-13T11:31:23.1027200-05:00
747,2025-02-13T11:31:23.1195392-05:00
747,2025-02-13T11:31:23.1279872-05:00
738,2025-02-13T11:31:23.1439488-05:00
751,2025-02-13T11:31:23.1690240-05:00
752,2025-02-13T11:31:23.1790720-05:00
759,2025-02-13T11:31:23.2018304-05:00
760,2025-02-13T11:31:23.2218368-05:00
761,2025-02-13T11:31:23.2418176-05:00
763,2025-02-13T11:31:23.2622976-05:00
765,2025-02-13T11:31:23.2729088-05:00
775,2025-02-13T11:31:23.2919424-05:00
758,2025-02-13T11:31:23.3023232-05:00
768,2025-02-13T11:31:23.3234560-05:00
777,2025-02-13T11:31:23.3350912-05:00
778,2025-02-13T11:31:23.3550848-05:00
782,2025-02-13T11:31:23.3650816-05:00
792,2025-02-13T11:31:23.3850624-05:00
784,2025-02-13T11:31:23.3950720-05:00
791,2025-02-13T11:31:23.4150528-05:00
785,2025-02-13T11:31:23.4301056-05:00
793,2025-02-13T11:31:23.4518272-05:00
793,2025-02-13T11:31:23.4621184-05:00
796,2025-02-13T11:31:23.4729984-05:00
807,2025-02-13T11:31:23.4924288-05:00
802,2025-02-13T11:31:23.5026816-05:00
805,2025-02-13T11:31:23.5199744-05:00
807,2025-02-13T11:31:23.5355392-05:00
800,2025-02-13T11:31:23.5521536-05:00
818,2025-02-13T11:31:23.5687552-05:00
819,2025-02-13T11:31:23.5854720-05:00
813,2025-02-13T11:31:23.6021376-05:00
836,2025-02-13T11:31:23.6188928-05:00
821,2025-02-13T11:31:23.6370176-05:00
836,2025-02-13T11:31:23.6522368-05:00
838,2025-02-13T11:31:23.6688512-05:00
832,2025-02-13T11:31:23.6752384-05:00
839,2025-02-13T11:31:23.6918912-05:00
832,2025-02-13T11:31:23.7052928-05:00
849,2025-02-13T11:31:23.7266432-05:00
847,2025-02-13T11:31:23.7366272-05:00
850,2025-02-13T11:31:23.7533952-05:00
849,2025-02-13T11:31:23.7534080-05:00
854,2025-02-13T11:31:23.7698688-05:00
857,2025-02-13T11:31:23.7868672-05:00
861,2025-02-13T11:31:23.8039168-05:00
864,2025-02-13T11:31:23.8198272-05:00
869,2025-02-13T11:31:23.8376192-05:00
875,2025-02-13T11:31:23.8531584-05:00
877,2025-02-13T11:31:23.8701184-05:00
880,2025-02-13T11:31:23.8870272-05:00
884,2025-02-13T11:31:23.8930176-05:00
889,2025-02-13T11:31:23.9129472-05:00
885,2025-02-13T11:31:23.9320832-05:00
895,2025-02-13T11:31:23.9427456-05:00
893,2025-02-13T11:31:23.9614336-05:00
903,2025-02-13T11:31:23.9710592-05:00
908,2025-02-13T11:31:23.9878528-05:00
914,2025-02-13T11:31:24.0031104-05:00
916,2025-02-13T11:31:24.0187776-05:00
923,2025-02-13T11:31:24.0387584-05:00
928,2025-02-13T11:31:24.0525440-05:00
933,2025-02-13T11:31:24.0718976-05:00
937,2025-02-13T11:31:24.0819456-05:00
941,2025-02-13T11:31:24.1029504-05:00
949,2025-02-13T11:31:24.1129856-05:00
953,2025-02-13T11:31:24.1329664-05:00
958,2025-02-13T11:31:24.1428224-05:00
975,2025-02-13T11:31:24.1595136-05:00
971,2025-02-13T11:31:24.1868672-05:00
979,2025-02-13T11:31:24.2027904-05:00
987,2025-02-13T11:31:24.2191360-05:00
990,2025-02-13T11:31:24.2255488-05:00
993,2025-02-13T11:31:24.2422016-05:00
997,2025-02-13T11:31:24.2525184-05:00
1003,2025-02-13T11:31:24.2691328-05:00
1002,2025-02-13T11:31:24.2858240-05:00
1016,2025-02-13T11:31:24.3024640-05:00
1018,2025-02-13T11:31:24.3025024-05:00
1023,2025-02-13T11:31:24.3192064-05:00
1023,2025-02-13T11:31:24.3358720-05:00
1023,2025-02-13T11:31:24.3525120-05:00
1023,2025-02-13T11:31:24.3692288-05:00
1023,2025-02-13T11:31:24.3858944-05:00
1023,2025-02-13T11:31:24.4025216-05:00
1023,2025-02-13T11:31:24.4192896-05:00
1023,2025-02-13T11:31:24.4257152-05:00
1023,2025-02-13T11:31:24.4423168-05:00
1023,2025-02-13T11:31:24.4692224-05:00
1023,2025-02-13T11:31:24.4756480-05:00
1023,2025-02-13T11:31:24.4923264-05:00
1023,2025-02-13T11:31:24.5026176-05:00
1023,2025-02-13T11:31:24.5199872-05:00
1023,2025-02-13T11:31:24.5359360-05:00
1023,2025-02-13T11:31:24.5526272-05:00
1023,2025-02-13T11:31:24.5692800-05:00
1023,2025-02-13T11:31:24.5863424-05:00
1023,2025-02-13T11:31:24.6026240-05:00
1023,2025-02-13T11:31:24.6193536-05:00
1023,2025-02-13T11:31:24.6359936-05:00
1023,2025-02-13T11:31:24.6526976-05:00
1023,2025-02-13T11:31:24.6694144-05:00
1023,2025-02-13T11:31:24.6757376-05:00
1023,2025-02-13T11:31:24.6924288-05:00
1023,2025-02-13T11:31:24.7228032-05:00
1023,2025-02-13T11:31:24.7527040-05:00
1023,2025-02-13T11:31:24.7694720-05:00
1023,2025-02-13T11:31:24.7860736-05:00
1023,2025-02-13T11:31:24.8027520-05:00
1023,2025-02-13T11:31:24.8194304-05:00
1023,2025-02-13T11:31:24.8361472-05:00
1023,2025-02-13T11:31:24.8527744-05:00
1023,2025-02-13T11:31:24.8694528-05:00
1023,2025-02-13T11:31:24.8861952-05:00
1023,2025-02-13T11:31:24.9027968-05:00
1023,2025-02-13T11:31:24.9194752-05:00
1023,2025-02-13T11:31:24.9258752-05:00
1023,2025-02-13T11:31:24.9432960-05:00
1023,2025-02-13T11:31:24.9697920-05:00
1023,2025-02-13T11:31:24.9758720-05:00
1023,2025-02-13T11:31:24.9871744-05:00
1023,2025-02-13T11:31:25.0045184-05:00
1023,2025-02-13T11:31:25.0224768-05:00
1023,2025-02-13T11:31:25.0368768-05:00
1023,2025-02-13T11:31:25.0568704-05:00
1023,2025-02-13T11:31:25.0668672-05:00
1023,2025-02-13T11:31:25.0868480-05:00
1023,2025-02-13T11:31:25.0968576-05:00
1023,2025-02-13T11:31:25.1168384-05:00
1023,2025-02-13T11:31:25.1368320-05:00
1023,2025-02-13T11:31:25.1468288-05:00
1023,2025-02-13T11:31:25.1668352-05:00
1023,2025-02-13T11:31:25.1768320-05:00
1023,2025-02-13T11:31:25.1968384-05:00
1023,2025-02-13T11:31:25.2068224-05:00
0,2025-02-13T11:31:25.2299904-05:00
6,2025-02-13T11:31:25.2399872-05:00
8,2025-02-13T11:31:25.2599808-05:00
18,2025-02-13T11:31:25.2699648-05:00
32,2025-02-13T11:31:25.2899712-05:00
35,2025-02-13T11:31:25.3002368-05:00
43,2025-02-13T11:31:25.3199488-05:00
50,2025-02-13T11:31:25.3399296-05:00
54,2025-02-13T11:31:25.3499520-05:00
64,2025-02-13T11:31:25.3699200-05:00
69,2025-02-13T11:31:25.3799168-05:00
76,2025-02-13T11:31:25.3999104-05:00
79,2025-02-13T11:31:25.4099072-05:00
90,2025-02-13T11:31:25.4299264-05:00
91,2025-02-13T11:31:25.4299520-05:00
96,2025-02-13T11:31:25.4398976-05:00
112,2025-02-13T11:31:25.4598912-05:00
108,2025-02-13T11:31:25.4798848-05:00
113,2025-02-13T11:31:25.4901120-05:00
124,2025-02-13T11:31:25.5099008-05:00
122,2025-02-13T11:31:25.5198592-05:00
125,2025-02-13T11:31:25.5398528-05:00
135,2025-02-13T11:31:25.5498496-05:00
139,2025-02-13T11:31:25.5698432-05:00
143,2025-02-13T11:31:25.5898624-05:00
144,2025-02-13T11:31:25.5998336-05:00
154,2025-02-13T11:31:25.6198272-05:00
156,2025-02-13T11:31:25.6298368-05:00
159,2025-02-13T11:31:25.6498304-05:00
160,2025-02-13T11:31:25.6604160-05:00
167,2025-02-13T11:31:25.6797952-05:00
173,2025-02-13T11:31:25.6997888-05:00
178,2025-02-13T11:31:25.7098112-05:00
179,2025-02-13T11:31:25.7326720-05:00
196,2025-02-13T11:31:25.7526656-05:00
184,2025-02-13T11:31:25.7726720-05:00
187,2025-02-13T11:31:25.7726848-05:00
182,2025-02-13T11:31:25.7926528-05:00
191,2025-02-13T11:31:25.7926656-05:00
187,2025-02-13T11:31:25.8126464-05:00
188,2025-02-13T11:31:25.8126848-05:00
191,2025-02-13T11:31:25.8326272-05:00
193,2025-02-13T11:31:25.8526208-05:00
194,2025-02-13T11:31:25.8726144-05:00
193,2025-02-13T11:31:25.8926080-05:00
195,2025-02-13T11:31:25.9125888-05:00
