0,2025-02-13T11:31:49.8492544-05:00
0,2025-02-13T11:31:49.8585216-05:00
0,2025-02-13T11:31:49.8684928-05:00
0,2025-02-13T11:31:49.8884992-05:00
0,2025-02-13T11:31:49.9017216-05:00
0,2025-02-13T11:31:49.9116800-05:00
0,2025-02-13T11:31:49.9316736-05:00
0,2025-02-13T11:31:49.9516544-05:00
0,2025-02-13T11:31:49.9616512-05:00
0,2025-02-13T11:31:49.9816576-05:00
0,2025-02-13T11:31:49.9916416-05:00
0,2025-02-13T11:31:50.0116352-05:00
0,2025-02-13T11:31:50.0216064-05:00
0,2025-02-13T11:31:50.0416256-05:00
0,2025-02-13T11:31:50.0616192-05:00
0,2025-02-13T11:31:50.0715904-05:00
0,2025-02-13T11:31:50.0915968-05:00
0,2025-02-13T11:31:50.1015808-05:00
0,2025-02-13T11:31:50.1215744-05:00
0,2025-02-13T11:31:50.1315840-05:00
0,2025-02-13T11:31:50.1515648-05:00
0,2025-02-13T11:31:50.1715584-05:00
0,2025-02-13T11:31:50.1815552-05:00
0,2025-02-13T11:31:50.2015488-05:00
0,2025-02-13T11:31:50.2115328-05:00
0,2025-02-13T11:31:50.2315392-05:00
0,2025-02-13T11:31:50.2415360-05:00
0,2025-02-13T11:31:50.2615296-05:00
0,2025-02-13T11:31:50.2715136-05:00
0,2025-02-13T11:31:50.2915328-05:00
0,2025-02-13T11:31:50.3115008-05:00
0,2025-02-13T11:31:50.3214848-05:00
0,2025-02-13T11:31:50.3414784-05:00
0,2025-02-13T11:31:50.3514752-05:00
0,2025-02-13T11:31:50.3714688-05:00
0,2025-02-13T11:31:50.3814656-05:00
0,2025-02-13T11:31:50.4040704-05:00
0,2025-02-13T11:31:50.4140160-05:00
0,2025-02-13T11:31:50.4340096-05:00
0,2025-02-13T11:31:50.4440064-05:00
0,2025-02-13T11:31:50.4640256-05:00
0,2025-02-13T11:31:50.4840192-05:00
0,2025-02-13T11:31:50.4939904-05:00
1,2025-02-13T11:31:50.4983936-05:00
0,2025-02-13T11:31:50.5033984-05:00
0,2025-02-13T11:31:50.5139712-05:00
0,2025-02-13T11:31:50.5239936-05:00
0,2025-02-13T11:31:50.5439616-05:00
1,2025-02-13T11:31:50.5484288-05:00
0,2025-02-13T11:31:50.5534080-05:00
0,2025-02-13T11:31:50.5539456-05:00
0,2025-02-13T11:31:50.5739648-05:00
0,2025-02-13T11:31:50.5839488-05:00
1,2025-02-13T11:31:50.5984256-05:00
0,2025-02-13T11:31:50.6034176-05:00
0,2025-02-13T11:31:50.6039552-05:00
0,2025-02-13T11:31:50.6239360-05:00
0,2025-02-13T11:31:50.6339328-05:00
1,2025-02-13T11:31:50.6484352-05:00
0,2025-02-13T11:31:50.6534400-05:00
0,2025-02-13T11:31:50.6539136-05:00
0,2025-02-13T11:31:50.6639232-05:00
0,2025-02-13T11:31:50.6839168-05:00
0,2025-02-13T11:31:50.6939264-05:00
1,2025-02-13T11:31:50.6984320-05:00
0,2025-02-13T11:31:50.7034368-05:00
0,2025-02-13T11:31:50.7138944-05:00
0,2025-02-13T11:31:50.7338880-05:00
0,2025-02-13T11:31:50.7438848-05:00
1,2025-02-13T11:31:50.7484416-05:00
0,2025-02-13T11:31:50.7534336-05:00
0,2025-02-13T11:31:50.7638912-05:00
0,2025-02-13T11:31:50.7738752-05:00
0,2025-02-13T11:31:50.7938944-05:00
1,2025-02-13T11:31:50.7984384-05:00
0,2025-02-13T11:31:50.8034432-05:00
0,2025-02-13T11:31:50.8039040-05:00
0,2025-02-13T11:31:50.8238592-05:00
0,2025-02-13T11:31:50.8338560-05:00
1,2025-02-13T11:31:50.8484480-05:00
0,2025-02-13T11:31:50.8534528-05:00
0,2025-02-13T11:31:50.8538496-05:00
0,2025-02-13T11:31:50.8738304-05:00
0,2025-02-13T11:31:50.8838400-05:00
1,2025-02-13T11:31:50.8984576-05:00
0,2025-02-13T11:31:50.9034624-05:00
0,2025-02-13T11:31:50.9066368-05:00
0,2025-02-13T11:31:50.9166080-05:00
0,2025-02-13T11:31:50.9366144-05:00
0,2025-02-13T11:31:50.9465984-05:00
1,2025-02-13T11:31:50.9484672-05:00
0,2025-02-13T11:31:50.9534720-05:00
0,2025-02-13T11:31:50.9665920-05:00
0,2025-02-13T11:31:50.9766272-05:00
0,2025-02-13T11:31:50.9966080-05:00
1,2025-02-13T11:31:50.9984640-05:00
0,2025-02-13T11:31:51.0034688-05:00
0,2025-02-13T11:31:51.0065664-05:00
0,2025-02-13T11:31:51.0265600-05:00
0,2025-02-13T11:31:51.0465536-05:00
1,2025-02-13T11:31:51.0484864-05:00
0,2025-02-13T11:31:51.0534784-05:00
0,2025-02-13T11:31:51.0565760-05:00
0,2025-02-13T11:31:51.0765824-05:00
0,2025-02-13T11:31:51.0865536-05:00
1,2025-02-13T11:31:51.0984832-05:00
0,2025-02-13T11:31:51.1034880-05:00
0,2025-02-13T11:31:51.1065344-05:00
0,2025-02-13T11:31:51.1165312-05:00
0,2025-02-13T11:31:51.1365120-05:00
0,2025-02-13T11:31:51.1465088-05:00
0,2025-02-13T11:31:51.1691136-05:00
0,2025-02-13T11:31:51.1791104-05:00
0,2025-02-13T11:31:51.1991168-05:00
0,2025-02-13T11:31:51.2127104-05:00
0,2025-02-13T11:31:51.2242688-05:00
0,2025-02-13T11:31:51.2402304-05:00
0,2025-02-13T11:31:51.2602496-05:00
0,2025-02-13T11:31:51.2802432-05:00
0,2025-02-13T11:31:51.2902400-05:00
0,2025-02-13T11:31:51.3102208-05:00
0,2025-02-13T11:31:51.3202176-05:00
0,2025-02-13T11:31:51.3402112-05:00
0,2025-02-13T11:31:51.3502080-05:00
0,2025-02-13T11:31:51.3702016-05:00
0,2025-02-13T11:31:51.3902208-05:00
0,2025-02-13T11:31:51.4001920-05:00
0,2025-02-13T11:31:51.4129792-05:00
0,2025-02-13T11:31:51.4329600-05:00
0,2025-02-13T11:31:51.4529536-05:00
0,2025-02-13T11:31:51.4629376-05:00
0,2025-02-13T11:31:51.4829568-05:00
0,2025-02-13T11:31:51.4929536-05:00
0,2025-02-13T11:31:51.5129344-05:00
0,2025-02-13T11:31:51.5229440-05:00
0,2025-02-13T11:31:51.5429120-05:00
0,2025-02-13T11:31:51.5529088-05:00
0,2025-02-13T11:31:51.5725440-05:00
0,2025-02-13T11:31:51.5837312-05:00
0,2025-02-13T11:31:51.5997568-05:00
0,2025-02-13T11:31:51.6169344-05:00
0,2025-02-13T11:31:51.6339456-05:00
0,2025-02-13T11:31:51.6539392-05:00
0,2025-02-13T11:31:51.6639232-05:00
0,2025-02-13T11:31:51.6839296-05:00
0,2025-02-13T11:31:51.6939392-05:00
0,2025-02-13T11:31:51.7139072-05:00
0,2025-02-13T11:31:51.7339136-05:00
0,2025-02-13T11:31:51.7445632-05:00
0,2025-02-13T11:31:51.7639296-05:00
0,2025-02-13T11:31:51.7738880-05:00
0,2025-02-13T11:31:51.7939072-05:00
0,2025-02-13T11:31:51.8038656-05:00
0,2025-02-13T11:31:51.8238592-05:00
0,2025-02-13T11:31:51.8338560-05:00
0,2025-02-13T11:31:51.8538624-05:00
0,2025-02-13T11:31:51.8738432-05:00
0,2025-02-13T11:31:51.8838528-05:00
0,2025-02-13T11:31:51.9038592-05:00
0,2025-02-13T11:31:51.9166592-05:00
0,2025-02-13T11:31:51.9366400-05:00
0,2025-02-13T11:31:51.9466368-05:00
0,2025-02-13T11:31:51.9666176-05:00
0,2025-02-13T11:31:51.9766400-05:00
0,2025-02-13T11:31:51.9966592-05:00
0,2025-02-13T11:31:52.0066048-05:00
1,2025-02-13T11:31:52.0241792-05:00
1,2025-02-13T11:31:52.0265856-05:00
0,2025-02-13T11:31:52.0291968-05:00
0,2025-02-13T11:31:52.0465792-05:00
0,2025-02-13T11:31:52.0565888-05:00
1,2025-02-13T11:31:52.0741888-05:00
1,2025-02-13T11:31:52.0765696-05:00
0,2025-02-13T11:31:52.0791808-05:00
0,2025-02-13T11:31:52.0865920-05:00
0,2025-02-13T11:31:52.1065600-05:00
0,2025-02-13T11:31:52.1165696-05:00
1,2025-02-13T11:31:52.1241984-05:00
0,2025-02-13T11:31:52.1292032-05:00
0,2025-02-13T11:31:52.1365504-05:00
0,2025-02-13T11:31:52.1465728-05:00
0,2025-02-13T11:31:52.1665408-05:00
1,2025-02-13T11:31:52.1742080-05:00
0,2025-02-13T11:31:52.1792128-05:00
0,2025-02-13T11:31:52.1865472-05:00
0,2025-02-13T11:31:52.1965440-05:00
0,2025-02-13T11:31:52.2165376-05:00
1,2025-02-13T11:31:52.2242176-05:00
1,2025-02-13T11:31:52.2265088-05:00
0,2025-02-13T11:31:52.2292096-05:00
0,2025-02-13T11:31:52.2465024-05:00
0,2025-02-13T11:31:52.2564992-05:00
1,2025-02-13T11:31:52.2742144-05:00
1,2025-02-13T11:31:52.2764928-05:00
0,2025-02-13T11:31:52.2792192-05:00
0,2025-02-13T11:31:52.2964992-05:00
0,2025-02-13T11:31:52.3065088-05:00
1,2025-02-13T11:31:52.3242240-05:00
1,2025-02-13T11:31:52.3264768-05:00
0,2025-02-13T11:31:52.3292288-05:00
0,2025-02-13T11:31:52.3364736-05:00
0,2025-02-13T11:31:52.3564544-05:00
0,2025-02-13T11:31:52.3664640-05:00
1,2025-02-13T11:31:52.3742336-05:00
0,2025-02-13T11:31:52.3792384-05:00
0,2025-02-13T11:31:52.3864704-05:00
0,2025-02-13T11:31:52.3964672-05:00
0,2025-02-13T11:31:52.4192256-05:00
1,2025-02-13T11:31:52.4242432-05:00
1,2025-02-13T11:31:52.4292096-05:00
0,2025-02-13T11:31:52.4292480-05:00
0,2025-02-13T11:31:52.4492032-05:00
0,2025-02-13T11:31:52.4592000-05:00
1,2025-02-13T11:31:52.4742400-05:00
1,2025-02-13T11:31:52.4792192-05:00
0,2025-02-13T11:31:52.4792192-05:00
0,2025-02-13T11:31:52.4992000-05:00
0,2025-02-13T11:31:52.5091840-05:00
1,2025-02-13T11:31:52.5242496-05:00
1,2025-02-13T11:31:52.5291776-05:00
0,2025-02-13T11:31:52.5292672-05:00
0,2025-02-13T11:31:52.5391616-05:00
0,2025-02-13T11:31:52.5591680-05:00
0,2025-02-13T11:31:52.5691520-05:00
1,2025-02-13T11:31:52.5742592-05:00
0,2025-02-13T11:31:52.5792768-05:00
0,2025-02-13T11:31:52.5891840-05:00
0,2025-02-13T11:31:52.6091520-05:00
0,2025-02-13T11:31:52.6191488-05:00
1,2025-02-13T11:31:52.6242688-05:00
0,2025-02-13T11:31:52.6292736-05:00
0,2025-02-13T11:31:52.6391552-05:00
0,2025-02-13T11:31:52.6491264-05:00
0,2025-02-13T11:31:52.6691200-05:00
0,2025-02-13T11:31:52.6791168-05:00
0,2025-02-13T11:31:52.6991232-05:00
0,2025-02-13T11:31:52.7091072-05:00
0,2025-02-13T11:31:52.7291008-05:00
0,2025-02-13T11:31:52.7491072-05:00
0,2025-02-13T11:31:52.7591040-05:00
0,2025-02-13T11:31:52.7790848-05:00
0,2025-02-13T11:31:52.7890816-05:00
0,2025-02-13T11:31:52.8090624-05:00
0,2025-02-13T11:31:52.8190592-05:00
0,2025-02-13T11:31:52.8390528-05:00
0,2025-02-13T11:31:52.8590464-05:00
0,2025-02-13T11:31:52.8690432-05:00
0,2025-02-13T11:31:52.8890368-05:00
0,2025-02-13T11:31:52.8990336-05:00
0,2025-02-13T11:31:52.9218304-05:00
0,2025-02-13T11:31:52.9318016-05:00
0,2025-02-13T11:31:52.9518080-05:00
0,2025-02-13T11:31:52.9618176-05:00
0,2025-02-13T11:31:52.9818112-05:00
0,2025-02-13T11:31:52.9917952-05:00
0,2025-02-13T11:31:53.0117760-05:00
0,2025-02-13T11:31:53.0217728-05:00
0,2025-02-13T11:31:53.0417792-05:00
0,2025-02-13T11:31:53.0617728-05:00
0,2025-02-13T11:31:53.0717440-05:00
0,2025-02-13T11:31:53.0917632-05:00
0,2025-02-13T11:31:53.1017472-05:00
0,2025-02-13T11:31:53.1217280-05:00
0,2025-02-13T11:31:53.1317248-05:00
0,2025-02-13T11:31:53.1517440-05:00
0,2025-02-13T11:31:53.1717120-05:00
0,2025-02-13T11:31:53.1817088-05:00
0,2025-02-13T11:31:53.2017152-05:00
0,2025-02-13T11:31:53.2116992-05:00
0,2025-02-13T11:31:53.2316928-05:00
0,2025-02-13T11:31:53.2416896-05:00
0,2025-02-13T11:31:53.2616832-05:00
0,2025-02-13T11:31:53.2716672-05:00
0,2025-02-13T11:31:53.2917376-05:00
0,2025-02-13T11:31:53.3116544-05:00
0,2025-02-13T11:31:53.3216512-05:00
0,2025-02-13T11:31:53.3416704-05:00
0,2025-02-13T11:31:53.3516288-05:00
0,2025-02-13T11:31:53.3716352-05:00
0,2025-02-13T11:31:53.3816320-05:00
0,2025-02-13T11:31:53.4016384-05:00
0,2025-02-13T11:31:53.4243968-05:00
0,2025-02-13T11:31:53.4343680-05:00
0,2025-02-13T11:31:53.4443776-05:00
0,2025-02-13T11:31:53.4643712-05:00
0,2025-02-13T11:31:53.4843776-05:00
0,2025-02-13T11:31:53.4943488-05:00
0,2025-02-13T11:31:53.5143424-05:00
0,2025-02-13T11:31:53.5243264-05:00
0,2025-02-13T11:31:53.5443456-05:00
1,2025-02-13T11:31:53.5499264-05:00
1,2025-02-13T11:31:53.5543168-05:00
0,2025-02-13T11:31:53.5549696-05:00
0,2025-02-13T11:31:53.5743744-05:00
0,2025-02-13T11:31:53.5843200-05:00
1,2025-02-13T11:31:53.5999232-05:00
1,2025-02-13T11:31:53.6043008-05:00
0,2025-02-13T11:31:53.6049280-05:00
0,2025-02-13T11:31:53.6243072-05:00
0,2025-02-13T11:31:53.6342784-05:00
1,2025-02-13T11:31:53.6499840-05:00
1,2025-02-13T11:31:53.6542976-05:00
0,2025-02-13T11:31:53.6549888-05:00
0,2025-02-13T11:31:53.6642816-05:00
0,2025-02-13T11:31:53.6842880-05:00
0,2025-02-13T11:31:53.6942848-05:00
1,2025-02-13T11:31:53.6999936-05:00
0,2025-02-13T11:31:53.7049728-05:00
0,2025-02-13T11:31:53.7142528-05:00
0,2025-02-13T11:31:53.7342464-05:00
0,2025-02-13T11:31:53.7442560-05:00
1,2025-02-13T11:31:53.7500160-05:00
0,2025-02-13T11:31:53.7549952-05:00
0,2025-02-13T11:31:53.7642496-05:00
0,2025-02-13T11:31:53.7742976-05:00
0,2025-02-13T11:31:53.7942272-05:00
1,2025-02-13T11:31:53.7999488-05:00
1,2025-02-13T11:31:53.8042240-05:00
0,2025-02-13T11:31:53.8050304-05:00
0,2025-02-13T11:31:53.8242176-05:00
0,2025-02-13T11:31:53.8342016-05:00
1,2025-02-13T11:31:53.8499968-05:00
1,2025-02-13T11:31:53.8541952-05:00
0,2025-02-13T11:31:53.8550144-05:00
0,2025-02-13T11:31:53.8742272-05:00
0,2025-02-13T11:31:53.8841856-05:00
1,2025-02-13T11:31:53.9000192-05:00
1,2025-02-13T11:31:53.9041792-05:00
0,2025-02-13T11:31:53.9050112-05:00
0,2025-02-13T11:31:53.9141632-05:00
0,2025-02-13T11:31:53.9374848-05:00
0,2025-02-13T11:31:53.9479936-05:00
1,2025-02-13T11:31:53.9500160-05:00
0,2025-02-13T11:31:53.9550080-05:00
0,2025-02-13T11:31:53.9680128-05:00
0,2025-02-13T11:31:53.9780224-05:00
0,2025-02-13T11:31:53.9979776-05:00
1,2025-02-13T11:31:54.0000256-05:00
0,2025-02-13T11:31:54.0050432-05:00
0,2025-02-13T11:31:54.0079616-05:00
0,2025-02-13T11:31:54.0279552-05:00
0,2025-02-13T11:31:54.0379520-05:00
1,2025-02-13T11:31:54.0500352-05:00
0,2025-02-13T11:31:54.0550272-05:00
0,2025-02-13T11:31:54.0579456-05:00
0,2025-02-13T11:31:54.0779520-05:00
0,2025-02-13T11:31:54.0879488-05:00
1,2025-02-13T11:31:54.1000448-05:00
0,2025-02-13T11:31:54.1050240-05:00
0,2025-02-13T11:31:54.1079296-05:00
0,2025-02-13T11:31:54.1179136-05:00
0,2025-02-13T11:31:54.1379072-05:00
0,2025-02-13T11:31:54.1479296-05:00
1,2025-02-13T11:31:54.1500416-05:00
0,2025-02-13T11:31:54.1550464-05:00
0,2025-02-13T11:31:54.1679232-05:00
0,2025-02-13T11:31:54.1779328-05:00
0,2025-02-13T11:31:54.1979008-05:00
0,2025-02-13T11:31:54.2178944-05:00
0,2025-02-13T11:31:54.2278784-05:00
0,2025-02-13T11:31:54.2478720-05:00
0,2025-02-13T11:31:54.2578688-05:00
0,2025-02-13T11:31:54.2778752-05:00
0,2025-02-13T11:31:54.2878720-05:00
0,2025-02-13T11:31:54.3078400-05:00
0,2025-02-13T11:31:54.3278336-05:00
0,2025-02-13T11:31:54.3378304-05:00
0,2025-02-13T11:31:54.3578240-05:00
0,2025-02-13T11:31:54.3678208-05:00
0,2025-02-13T11:31:54.3878400-05:00
0,2025-02-13T11:31:54.3978240-05:00
0,2025-02-13T11:31:54.4178048-05:00
0,2025-02-13T11:31:54.4303744-05:00
0,2025-02-13T11:31:54.4503680-05:00
0,2025-02-13T11:31:54.4603520-05:00
0,2025-02-13T11:31:54.4803840-05:00
0,2025-02-13T11:31:54.4903424-05:00
0,2025-02-13T11:31:54.5103360-05:00
0,2025-02-13T11:31:54.5303168-05:00
0,2025-02-13T11:31:54.5403136-05:00
0,2025-02-13T11:31:54.5603200-05:00
0,2025-02-13T11:31:54.5703168-05:00
0,2025-02-13T11:31:54.5903104-05:00
0,2025-02-13T11:31:54.6003072-05:00
0,2025-02-13T11:31:54.6202880-05:00
0,2025-02-13T11:31:54.6402688-05:00
0,2025-02-13T11:31:54.6502912-05:00
0,2025-02-13T11:31:54.6702720-05:00
0,2025-02-13T11:31:54.6802816-05:00
0,2025-02-13T11:31:54.7002496-05:00
0,2025-02-13T11:31:54.7102464-05:00
0,2025-02-13T11:31:54.7302272-05:00
0,2025-02-13T11:31:54.7502464-05:00
0,2025-02-13T11:31:54.7602304-05:00
0,2025-02-13T11:31:54.7802368-05:00
0,2025-02-13T11:31:54.7902336-05:00
0,2025-02-13T11:31:54.8102272-05:00
0,2025-02-13T11:31:54.8201984-05:00
0,2025-02-13T11:31:54.8402304-05:00
0,2025-02-13T11:31:54.8501888-05:00
0,2025-02-13T11:31:54.8701952-05:00
0,2025-02-13T11:31:54.8901888-05:00
0,2025-02-13T11:31:54.9001728-05:00
0,2025-02-13T11:31:54.9201792-05:00
0,2025-02-13T11:31:54.9332864-05:00
0,2025-02-13T11:31:54.9532288-05:00
0,2025-02-13T11:31:54.9632640-05:00
0,2025-02-13T11:31:54.9832320-05:00
0,2025-02-13T11:31:54.9932544-05:00
0,2025-02-13T11:31:55.0132224-05:00
0,2025-02-13T11:31:55.0231936-05:00
0,2025-02-13T11:31:55.0431872-05:00
0,2025-02-13T11:31:55.0531968-05:00
0,2025-02-13T11:31:55.0731776-05:00
0,2025-02-13T11:31:55.0931968-05:00
0,2025-02-13T11:31:55.1031680-05:00
0,2025-02-13T11:31:55.1231744-05:00
0,2025-02-13T11:31:55.1331456-05:00
0,2025-02-13T11:31:55.1531520-05:00
0,2025-02-13T11:31:55.1631488-05:00
0,2025-02-13T11:31:55.1831552-05:00
0,2025-02-13T11:31:55.2106368-05:00
0,2025-02-13T11:31:55.2306432-05:00
0,2025-02-13T11:31:55.2410240-05:00
0,2025-02-13T11:31:55.2602112-05:00
0,2025-02-13T11:31:55.2721792-05:00
0,2025-02-13T11:31:55.2951936-05:00
0,2025-02-13T11:31:55.3051904-05:00
0,2025-02-13T11:31:55.3251968-05:00
0,2025-02-13T11:31:55.3451776-05:00
0,2025-02-13T11:31:55.3651712-05:00
0,2025-02-13T11:31:55.3851520-05:00
0,2025-02-13T11:31:55.4051840-05:00
0,2025-02-13T11:31:55.4251392-05:00
0,2025-02-13T11:31:55.4379264-05:00
0,2025-02-13T11:31:55.4479104-05:00
0,2025-02-13T11:31:55.4679040-05:00
0,2025-02-13T11:31:55.4779264-05:00
0,2025-02-13T11:31:55.4979200-05:00
0,2025-02-13T11:31:55.5079040-05:00
0,2025-02-13T11:31:55.5278720-05:00
0,2025-02-13T11:31:55.5378816-05:00
0,2025-02-13T11:31:55.5578752-05:00
0,2025-02-13T11:31:55.5778816-05:00
0,2025-02-13T11:31:55.5878784-05:00
0,2025-02-13T11:31:55.6078720-05:00
0,2025-02-13T11:31:55.6178432-05:00
0,2025-02-13T11:31:55.6378624-05:00
0,2025-02-13T11:31:55.6478336-05:00
0,2025-02-13T11:31:55.6678400-05:00
0,2025-02-13T11:31:55.6878208-05:00
0,2025-02-13T11:31:55.6978304-05:00
0,2025-02-13T11:31:55.7178112-05:00
0,2025-02-13T11:31:55.7277952-05:00
0,2025-02-13T11:31:55.7477888-05:00
0,2025-02-13T11:31:55.7577984-05:00
0,2025-02-13T11:31:55.7777920-05:00
0,2025-02-13T11:31:55.7877888-05:00
0,2025-02-13T11:31:55.8077696-05:00
0,2025-02-13T11:31:55.8277632-05:00
0,2025-02-13T11:31:55.8377600-05:00
0,2025-02-13T11:31:55.8577408-05:00
0,2025-02-13T11:31:55.8677376-05:00
0,2025-02-13T11:31:55.8877440-05:00
0,2025-02-13T11:31:55.8977408-05:00
0,2025-02-13T11:31:55.9177344-05:00
0,2025-02-13T11:31:55.9405696-05:00
0,2025-02-13T11:31:55.9505536-05:00
0,2025-02-13T11:31:55.9605248-05:00
0,2025-02-13T11:31:55.9805568-05:00
0,2025-02-13T11:31:55.9905152-05:00
0,2025-02-13T11:31:56.0105216-05:00
0,2025-02-13T11:31:56.0305024-05:00
0,2025-02-13T11:31:56.0404992-05:00
0,2025-02-13T11:31:56.0605184-05:00
0,2025-02-13T11:31:56.0705024-05:00
0,2025-02-13T11:31:56.0904832-05:00
0,2025-02-13T11:31:56.1004928-05:00
0,2025-02-13T11:31:56.1204608-05:00
0,2025-02-13T11:31:56.1404544-05:00
0,2025-02-13T11:31:56.1504512-05:00
0,2025-02-13T11:31:56.1704576-05:00
0,2025-02-13T11:31:56.1804672-05:00
0,2025-02-13T11:31:56.2004480-05:00
0,2025-02-13T11:31:56.2104448-05:00
0,2025-02-13T11:31:56.2304256-05:00
0,2025-02-13T11:31:56.2504320-05:00
0,2025-02-13T11:31:56.2604160-05:00
0,2025-02-13T11:31:56.2804224-05:00
0,2025-02-13T11:31:56.2903936-05:00
0,2025-02-13T11:31:56.3104000-05:00
0,2025-02-13T11:31:56.3203840-05:00
0,2025-02-13T11:31:56.3403904-05:00
0,2025-02-13T11:31:56.3503744-05:00
0,2025-02-13T11:31:56.3703808-05:00
0,2025-02-13T11:31:56.3903744-05:00
0,2025-02-13T11:31:56.4003584-05:00
0,2025-02-13T11:31:56.4203776-05:00
0,2025-02-13T11:31:56.4303616-05:00
0,2025-02-13T11:31:56.4529024-05:00
0,2025-02-13T11:31:56.4628992-05:00
0,2025-02-13T11:31:56.4829056-05:00
0,2025-02-13T11:31:56.5128704-05:00
0,2025-02-13T11:31:56.5228672-05:00
0,2025-02-13T11:31:56.5428608-05:00
0,2025-02-13T11:31:56.5628544-05:00
0,2025-02-13T11:31:56.5728768-05:00
0,2025-02-13T11:31:56.5928576-05:00
1,2025-02-13T11:31:56.6015104-05:00
1,2025-02-13T11:31:56.6028416-05:00
0,2025-02-13T11:31:56.6064896-05:00
0,2025-02-13T11:31:56.6228352-05:00
0,2025-02-13T11:31:56.6328320-05:00
1,2025-02-13T11:31:56.6514816-05:00
1,2025-02-13T11:31:56.6528384-05:00
0,2025-02-13T11:31:56.6564992-05:00
0,2025-02-13T11:31:56.6628352-05:00
0,2025-02-13T11:31:56.6828288-05:00
1,2025-02-13T11:31:56.7015040-05:00
1,2025-02-13T11:31:56.7028096-05:00
0,2025-02-13T11:31:56.7065088-05:00
0,2025-02-13T11:31:56.7127808-05:00
0,2025-02-13T11:31:56.7327872-05:00
0,2025-02-13T11:31:56.7427840-05:00
1,2025-02-13T11:31:56.7515136-05:00
0,2025-02-13T11:31:56.7565312-05:00
0,2025-02-13T11:31:56.7627776-05:00
0,2025-02-13T11:31:56.7727872-05:00
0,2025-02-13T11:31:56.7927680-05:00
1,2025-02-13T11:31:56.8015232-05:00
0,2025-02-13T11:31:56.8065280-05:00
0,2025-02-13T11:31:56.8127488-05:00
0,2025-02-13T11:31:56.8227584-05:00
0,2025-02-13T11:31:56.8427520-05:00
1,2025-02-13T11:31:56.8515072-05:00
1,2025-02-13T11:31:56.8527360-05:00
0,2025-02-13T11:31:56.8565504-05:00
0,2025-02-13T11:31:56.8727552-05:00
0,2025-02-13T11:31:56.8827648-05:00
1,2025-02-13T11:31:56.9015296-05:00
1,2025-02-13T11:31:56.9027072-05:00
0,2025-02-13T11:31:56.9065344-05:00
0,2025-02-13T11:31:56.9127168-05:00
0,2025-02-13T11:31:56.9327104-05:00
0,2025-02-13T11:31:56.9453568-05:00
1,2025-02-13T11:31:56.9515392-05:00
0,2025-02-13T11:31:56.9565568-05:00
0,2025-02-13T11:31:56.9653120-05:00
0,2025-02-13T11:31:56.9853312-05:00
1,2025-02-13T11:31:57.0015232-05:00
1,2025-02-13T11:31:57.0053248-05:00
0,2025-02-13T11:31:57.0065664-05:00
0,2025-02-13T11:31:57.0252928-05:00
0,2025-02-13T11:31:57.0452992-05:00
1,2025-02-13T11:31:57.0515456-05:00
0,2025-02-13T11:31:57.0565632-05:00
0,2025-02-13T11:31:57.0653056-05:00
0,2025-02-13T11:31:57.0852864-05:00
1,2025-02-13T11:31:57.1015552-05:00
1,2025-02-13T11:31:57.1052928-05:00
0,2025-02-13T11:31:57.1065600-05:00
0,2025-02-13T11:31:57.1252864-05:00
0,2025-02-13T11:31:57.1452416-05:00
1,2025-02-13T11:31:57.1515648-05:00
0,2025-02-13T11:31:57.1565696-05:00
0,2025-02-13T11:31:57.1652480-05:00
0,2025-02-13T11:31:57.1852416-05:00
1,2025-02-13T11:31:57.2015872-05:00
1,2025-02-13T11:31:57.2052224-05:00
0,2025-02-13T11:31:57.2065792-05:00
0,2025-02-13T11:31:57.2152192-05:00
0,2025-02-13T11:31:57.2252416-05:00
0,2025-02-13T11:31:57.2452224-05:00
0,2025-02-13T11:31:57.2622848-05:00
0,2025-02-13T11:31:57.2739840-05:00
0,2025-02-13T11:31:57.2889088-05:00
0,2025-02-13T11:31:57.3046656-05:00
0,2025-02-13T11:31:57.3196800-05:00
0,2025-02-13T11:31:57.3396608-05:00
0,2025-02-13T11:31:57.3596544-05:00
0,2025-02-13T11:31:57.3696512-05:00
0,2025-02-13T11:31:57.3897472-05:00
0,2025-02-13T11:31:57.3996288-05:00
0,2025-02-13T11:31:57.4196352-05:00
0,2025-02-13T11:31:57.4296192-05:00
0,2025-02-13T11:31:57.4525952-05:00
0,2025-02-13T11:31:57.4625408-05:00
0,2025-02-13T11:31:57.4825472-05:00
0,2025-02-13T11:31:57.4925184-05:00
0,2025-02-13T11:31:57.5125248-05:00
0,2025-02-13T11:31:57.5224960-05:00
0,2025-02-13T11:31:57.5425024-05:00
0,2025-02-13T11:31:57.5624960-05:00
0,2025-02-13T11:31:57.5724928-05:00
0,2025-02-13T11:31:57.5924864-05:00
0,2025-02-13T11:31:57.6024704-05:00
0,2025-02-13T11:31:57.6224768-05:00
0,2025-02-13T11:31:57.6324736-05:00
0,2025-02-13T11:31:57.6524800-05:00
0,2025-02-13T11:31:57.6724608-05:00
0,2025-02-13T11:31:57.6824576-05:00
0,2025-02-13T11:31:57.7024384-05:00
0,2025-02-13T11:31:57.7124224-05:00
0,2025-02-13T11:31:57.7324416-05:00
0,2025-02-13T11:31:57.7424128-05:00
0,2025-02-13T11:31:57.7624192-05:00
0,2025-02-13T11:31:57.7724032-05:00
0,2025-02-13T11:31:57.7924096-05:00
0,2025-02-13T11:31:57.8123776-05:00
0,2025-02-13T11:31:57.8223872-05:00
0,2025-02-13T11:31:57.8424064-05:00
0,2025-02-13T11:31:57.8524160-05:00
0,2025-02-13T11:31:57.8723840-05:00
0,2025-02-13T11:31:57.8823936-05:00
0,2025-02-13T11:31:57.9023616-05:00
0,2025-02-13T11:31:57.9223552-05:00
0,2025-02-13T11:31:57.9323392-05:00
0,2025-02-13T11:31:57.9551744-05:00
0,2025-02-13T11:31:57.9651456-05:00
0,2025-02-13T11:31:57.9751424-05:00
0,2025-02-13T11:31:57.9951616-05:00
0,2025-02-13T11:31:58.0151296-05:00
0,2025-02-13T11:31:58.0251136-05:00
0,2025-02-13T11:31:58.0451200-05:00
0,2025-02-13T11:31:58.0551296-05:00
0,2025-02-13T11:31:58.0751104-05:00
0,2025-02-13T11:31:58.0851072-05:00
0,2025-02-13T11:31:58.1051008-05:00
0,2025-02-13T11:31:58.1250944-05:00
1,2025-02-13T11:31:58.1272832-05:00
0,2025-02-13T11:31:58.1322752-05:00
0,2025-02-13T11:31:58.1350784-05:00
0,2025-02-13T11:31:58.1550720-05:00
0,2025-02-13T11:31:58.1650816-05:00
1,2025-02-13T11:31:58.1772800-05:00
0,2025-02-13T11:31:58.1822720-05:00
0,2025-02-13T11:31:58.1850624-05:00
0,2025-02-13T11:31:58.1950592-05:00
0,2025-02-13T11:31:58.2150528-05:00
1,2025-02-13T11:31:58.2272896-05:00
0,2025-02-13T11:31:58.2322816-05:00
0,2025-02-13T11:31:58.2350464-05:00
0,2025-02-13T11:31:58.2450432-05:00
0,2025-02-13T11:31:58.2650368-05:00
0,2025-02-13T11:31:58.2750208-05:00
1,2025-02-13T11:31:58.2772864-05:00
0,2025-02-13T11:31:58.2830976-05:00
0,2025-02-13T11:31:58.2950912-05:00
0,2025-02-13T11:31:58.3050112-05:00
0,2025-02-13T11:31:58.3250048-05:00
1,2025-02-13T11:31:58.3272960-05:00
0,2025-02-13T11:31:58.3323008-05:00
0,2025-02-13T11:31:58.3349888-05:00
0,2025-02-13T11:31:58.3550080-05:00
0,2025-02-13T11:31:58.3750016-05:00
1,2025-02-13T11:31:58.3773056-05:00
0,2025-02-13T11:31:58.3823104-05:00
0,2025-02-13T11:31:58.3849728-05:00
0,2025-02-13T11:31:58.4049792-05:00
0,2025-02-13T11:31:58.4149760-05:00
1,2025-02-13T11:31:58.4273152-05:00
0,2025-02-13T11:31:58.4323072-05:00
0,2025-02-13T11:31:58.4349440-05:00
0,2025-02-13T11:31:58.4449664-05:00
0,2025-02-13T11:31:58.4721664-05:00
1,2025-02-13T11:31:58.4773376-05:00
1,2025-02-13T11:31:58.4821504-05:00
0,2025-02-13T11:31:58.4823552-05:00
0,2025-02-13T11:31:58.4921088-05:00
0,2025-02-13T11:31:58.5121280-05:00
0,2025-02-13T11:31:58.5221504-05:00
1,2025-02-13T11:31:58.5273472-05:00
0,2025-02-13T11:31:58.5323392-05:00
0,2025-02-13T11:31:58.5420928-05:00
0,2025-02-13T11:31:58.5620992-05:00
0,2025-02-13T11:31:58.5720960-05:00
1,2025-02-13T11:31:58.5773440-05:00
0,2025-02-13T11:31:58.5823360-05:00
0,2025-02-13T11:31:58.5921024-05:00
0,2025-02-13T11:31:58.6020864-05:00
0,2025-02-13T11:31:58.6220672-05:00
1,2025-02-13T11:31:58.6273280-05:00
1,2025-02-13T11:31:58.6320768-05:00
0,2025-02-13T11:31:58.6323456-05:00
0,2025-02-13T11:31:58.6520704-05:00
0,2025-02-13T11:31:58.6720896-05:00
1,2025-02-13T11:31:58.6773632-05:00
1,2025-02-13T11:31:58.6820608-05:00
0,2025-02-13T11:31:58.6823552-05:00
0,2025-02-13T11:31:58.7020416-05:00
0,2025-02-13T11:31:58.7120384-05:00
1,2025-02-13T11:31:58.7273472-05:00
1,2025-02-13T11:31:58.7320320-05:00
0,2025-02-13T11:31:58.7323520-05:00
0,2025-02-13T11:31:58.7420160-05:00
0,2025-02-13T11:31:58.7620224-05:00
0,2025-02-13T11:31:58.7820288-05:00
0,2025-02-13T11:31:58.7920000-05:00
0,2025-02-13T11:31:58.8120064-05:00
0,2025-02-13T11:31:58.8219904-05:00
0,2025-02-13T11:31:58.8419712-05:00
0,2025-02-13T11:31:58.8519936-05:00
0,2025-02-13T11:31:58.8719744-05:00
0,2025-02-13T11:31:58.8819712-05:00
0,2025-02-13T11:31:58.9019520-05:00
0,2025-02-13T11:31:58.9219456-05:00
0,2025-02-13T11:31:58.9319296-05:00
0,2025-02-13T11:31:58.9519872-05:00
0,2025-02-13T11:31:58.9647872-05:00
0,2025-02-13T11:31:58.9847936-05:00
0,2025-02-13T11:31:58.9947648-05:00
0,2025-02-13T11:31:59.0147712-05:00
0,2025-02-13T11:31:59.0247424-05:00
0,2025-02-13T11:31:59.0447488-05:00
0,2025-02-13T11:31:59.0547328-05:00
0,2025-02-13T11:31:59.0747264-05:00
0,2025-02-13T11:31:59.0847360-05:00
0,2025-02-13T11:31:59.1047296-05:00
0,2025-02-13T11:31:59.1247104-05:00
0,2025-02-13T11:31:59.1347072-05:00
0,2025-02-13T11:31:59.1546880-05:00
0,2025-02-13T11:31:59.1646976-05:00
0,2025-02-13T11:31:59.1847040-05:00
0,2025-02-13T11:31:59.1946880-05:00
0,2025-02-13T11:31:59.2146688-05:00
0,2025-02-13T11:31:59.2346496-05:00
0,2025-02-13T11:31:59.2446592-05:00
0,2025-02-13T11:31:59.2646656-05:00
0,2025-02-13T11:31:59.2746624-05:00
0,2025-02-13T11:31:59.2946432-05:00
0,2025-02-13T11:31:59.3046272-05:00
0,2025-02-13T11:31:59.3246336-05:00
0,2025-02-13T11:31:59.3346048-05:00
0,2025-02-13T11:31:59.3546112-05:00
0,2025-02-13T11:31:59.3746304-05:00
0,2025-02-13T11:31:59.3846144-05:00
0,2025-02-13T11:31:59.4045952-05:00
0,2025-02-13T11:31:59.4145920-05:00
0,2025-02-13T11:31:59.4345856-05:00
0,2025-02-13T11:31:59.4445824-05:00
0,2025-02-13T11:31:59.4674048-05:00
0,2025-02-13T11:31:59.4774784-05:00
0,2025-02-13T11:31:59.4973696-05:00
0,2025-02-13T11:31:59.5073536-05:00
0,2025-02-13T11:31:59.5273472-05:00
0,2025-02-13T11:31:59.5473280-05:00
0,2025-02-13T11:31:59.5573248-05:00
0,2025-02-13T11:31:59.5773312-05:00
0,2025-02-13T11:31:59.5873152-05:00
0,2025-02-13T11:31:59.6073088-05:00
0,2025-02-13T11:31:59.6172928-05:00
0,2025-02-13T11:31:59.6372992-05:00
0,2025-02-13T11:31:59.6472960-05:00
0,2025-02-13T11:31:59.6672896-05:00
0,2025-02-13T11:31:59.6873088-05:00
0,2025-02-13T11:31:59.6972800-05:00
0,2025-02-13T11:31:59.7172736-05:00
0,2025-02-13T11:31:59.7272448-05:00
0,2025-02-13T11:31:59.7472384-05:00
0,2025-02-13T11:31:59.7572480-05:00
0,2025-02-13T11:31:59.7772672-05:00
0,2025-02-13T11:31:59.7972096-05:00
0,2025-02-13T11:31:59.8095232-05:00
0,2025-02-13T11:31:59.8249728-05:00
0,2025-02-13T11:31:59.8352000-05:00
0,2025-02-13T11:31:59.8542080-05:00
0,2025-02-13T11:31:59.8742016-05:00
0,2025-02-13T11:31:59.8842112-05:00
0,2025-02-13T11:31:59.9041920-05:00
0,2025-02-13T11:31:59.9141760-05:00
0,2025-02-13T11:31:59.9341568-05:00
0,2025-02-13T11:31:59.9441792-05:00
0,2025-02-13T11:31:59.9641728-05:00
0,2025-02-13T11:31:59.9771008-05:00
0,2025-02-13T11:31:59.9970432-05:00
0,2025-02-13T11:32:00.0070272-05:00
0,2025-02-13T11:32:00.0270464-05:00
0,2025-02-13T11:32:00.0470272-05:00
0,2025-02-13T11:32:00.0570112-05:00
0,2025-02-13T11:32:00.0770688-05:00
0,2025-02-13T11:32:00.0869888-05:00
0,2025-02-13T11:32:00.1069952-05:00
0,2025-02-13T11:32:00.1169792-05:00
0,2025-02-13T11:32:00.1369728-05:00
0,2025-02-13T11:32:00.1569664-05:00
0,2025-02-13T11:32:00.1669888-05:00
0,2025-02-13T11:32:00.1869568-05:00
0,2025-02-13T11:32:00.1969664-05:00
0,2025-02-13T11:32:00.2169472-05:00
0,2025-02-13T11:32:00.2269312-05:00
0,2025-02-13T11:32:00.2469248-05:00
0,2025-02-13T11:32:00.2569344-05:00
0,2025-02-13T11:32:00.2769536-05:00
0,2025-02-13T11:32:00.2969344-05:00
0,2025-02-13T11:32:00.3069056-05:00
0,2025-02-13T11:32:00.3268864-05:00
0,2025-02-13T11:32:00.3368960-05:00
0,2025-02-13T11:32:00.3568896-05:00
0,2025-02-13T11:32:00.3668992-05:00
0,2025-02-13T11:32:00.3868672-05:00
0,2025-02-13T11:32:00.4068608-05:00
0,2025-02-13T11:32:00.4168704-05:00
0,2025-02-13T11:32:00.4368512-05:00
0,2025-02-13T11:32:00.4468608-05:00
0,2025-02-13T11:32:00.4668672-05:00
0,2025-02-13T11:32:00.4794624-05:00
0,2025-02-13T11:32:00.4994176-05:00
0,2025-02-13T11:32:00.5094016-05:00
0,2025-02-13T11:32:00.5294080-05:00
0,2025-02-13T11:32:00.5394048-05:00
0,2025-02-13T11:32:00.5593856-05:00
0,2025-02-13T11:32:00.5693952-05:00
0,2025-02-13T11:32:00.5893760-05:00
0,2025-02-13T11:32:00.6093696-05:00
0,2025-02-13T11:32:00.6193536-05:00
0,2025-02-13T11:32:00.6393472-05:00
0,2025-02-13T11:32:00.6493568-05:00
0,2025-02-13T11:32:00.6693504-05:00
0,2025-02-13T11:32:00.6793728-05:00
0,2025-02-13T11:32:00.6993280-05:00
0,2025-02-13T11:32:00.7193216-05:00
0,2025-02-13T11:32:00.7293184-05:00
0,2025-02-13T11:32:00.7492992-05:00
0,2025-02-13T11:32:00.7593088-05:00
0,2025-02-13T11:32:00.7793536-05:00
0,2025-02-13T11:32:00.7892864-05:00
0,2025-02-13T11:32:00.8092800-05:00
0,2025-02-13T11:32:00.8192896-05:00
0,2025-02-13T11:32:00.8392832-05:00
0,2025-02-13T11:32:00.8592640-05:00
0,2025-02-13T11:32:00.8692736-05:00
0,2025-02-13T11:32:00.8892544-05:00
0,2025-02-13T11:32:00.8992512-05:00
0,2025-02-13T11:32:00.9192448-05:00
0,2025-02-13T11:32:00.9292288-05:00
0,2025-02-13T11:32:00.9492096-05:00
0,2025-02-13T11:32:00.9692416-05:00
0,2025-02-13T11:32:00.9820416-05:00
0,2025-02-13T11:32:00.9920000-05:00
0,2025-02-13T11:32:01.0120064-05:00
0,2025-02-13T11:32:01.0319744-05:00
0,2025-02-13T11:32:01.0419840-05:00
0,2025-02-13T11:32:01.0619776-05:00
0,2025-02-13T11:32:01.0719872-05:00
0,2025-02-13T11:32:01.0919680-05:00
0,2025-02-13T11:32:01.1019648-05:00
0,2025-02-13T11:32:01.1219584-05:00
0,2025-02-13T11:32:01.1319808-05:00
0,2025-02-13T11:32:01.1519488-05:00
0,2025-02-13T11:32:01.1719424-05:00
1,2025-02-13T11:32:01.1788416-05:00
1,2025-02-13T11:32:01.1819264-05:00
0,2025-02-13T11:32:01.1838336-05:00
0,2025-02-13T11:32:01.2019200-05:00
0,2025-02-13T11:32:01.2119040-05:00
1,2025-02-13T11:32:01.2288256-05:00
1,2025-02-13T11:32:01.2319104-05:00
0,2025-02-13T11:32:01.2338304-05:00
0,2025-02-13T11:32:01.2418944-05:00
0,2025-02-13T11:32:01.2619008-05:00
1,2025-02-13T11:32:01.2788224-05:00
1,2025-02-13T11:32:01.2819072-05:00
0,2025-02-13T11:32:01.2838400-05:00
0,2025-02-13T11:32:01.2918912-05:00
0,2025-02-13T11:32:01.3118848-05:00
0,2025-02-13T11:32:01.3218816-05:00
1,2025-02-13T11:32:01.3288448-05:00
0,2025-02-13T11:32:01.3338240-05:00
0,2025-02-13T11:32:01.3418752-05:00
0,2025-02-13T11:32:01.3518592-05:00
0,2025-02-13T11:32:01.3718656-05:00
1,2025-02-13T11:32:01.3788544-05:00
1,2025-02-13T11:32:01.3818496-05:00
0,2025-02-13T11:32:01.3838208-05:00
0,2025-02-13T11:32:01.4018304-05:00
0,2025-02-13T11:32:01.4218368-05:00
1,2025-02-13T11:32:01.4288640-05:00
1,2025-02-13T11:32:01.4318336-05:00
0,2025-02-13T11:32:01.4338560-05:00
0,2025-02-13T11:32:01.4518144-05:00
0,2025-02-13T11:32:01.4617984-05:00
1,2025-02-13T11:32:01.4788608-05:00
0,2025-02-13T11:32:01.4838656-05:00
0,2025-02-13T11:32:01.4846080-05:00
0,2025-02-13T11:32:01.4945664-05:00
0,2025-02-13T11:32:01.5145600-05:00
0,2025-02-13T11:32:01.5245440-05:00
1,2025-02-13T11:32:01.5288704-05:00
0,2025-02-13T11:32:01.5338624-05:00
0,2025-02-13T11:32:01.5445504-05:00
0,2025-02-13T11:32:01.5545344-05:00
0,2025-02-13T11:32:01.5745408-05:00
1,2025-02-13T11:32:01.5788800-05:00
0,2025-02-13T11:32:01.5838848-05:00
0,2025-02-13T11:32:01.5945216-05:00
0,2025-02-13T11:32:01.6045184-05:00
0,2025-02-13T11:32:01.6244992-05:00
1,2025-02-13T11:32:01.6288768-05:00
0,2025-02-13T11:32:01.6338816-05:00
0,2025-02-13T11:32:01.6344960-05:00
0,2025-02-13T11:32:01.6545152-05:00
0,2025-02-13T11:32:01.6644992-05:00
1,2025-02-13T11:32:01.6788864-05:00
0,2025-02-13T11:32:01.6838912-05:00
0,2025-02-13T11:32:01.6845056-05:00
0,2025-02-13T11:32:01.6944768-05:00
0,2025-02-13T11:32:01.7144832-05:00
1,2025-02-13T11:32:01.7288704-05:00
0,2025-02-13T11:32:01.7339008-05:00
0,2025-02-13T11:32:01.7344512-05:00
0,2025-02-13T11:32:01.7444608-05:00
0,2025-02-13T11:32:01.7644544-05:00
0,2025-02-13T11:32:01.7744640-05:00
1,2025-02-13T11:32:01.7789056-05:00
0,2025-02-13T11:32:01.7839104-05:00
0,2025-02-13T11:32:01.7944320-05:00
0,2025-02-13T11:32:01.8044288-05:00
0,2025-02-13T11:32:01.8244224-05:00
0,2025-02-13T11:32:01.8444288-05:00
0,2025-02-13T11:32:01.8544000-05:00
0,2025-02-13T11:32:01.8744320-05:00
0,2025-02-13T11:32:01.8844160-05:00
0,2025-02-13T11:32:01.9043968-05:00
0,2025-02-13T11:32:01.9143936-05:00
0,2025-02-13T11:32:01.9344000-05:00
0,2025-02-13T11:32:01.9444096-05:00
0,2025-02-13T11:32:01.9643904-05:00
0,2025-02-13T11:32:01.9871488-05:00
0,2025-02-13T11:32:01.9971200-05:00
0,2025-02-13T11:32:02.0071168-05:00
0,2025-02-13T11:32:02.0270976-05:00
0,2025-02-13T11:32:02.0470912-05:00
0,2025-02-13T11:32:02.0570880-05:00
0,2025-02-13T11:32:02.0771200-05:00
0,2025-02-13T11:32:02.0870912-05:00
0,2025-02-13T11:32:02.1070720-05:00
0,2025-02-13T11:32:02.1170688-05:00
0,2025-02-13T11:32:02.1370752-05:00
0,2025-02-13T11:32:02.1570560-05:00
0,2025-02-13T11:32:02.1670400-05:00
0,2025-02-13T11:32:02.1870464-05:00
0,2025-02-13T11:32:02.1970560-05:00
0,2025-02-13T11:32:02.2170240-05:00
0,2025-02-13T11:32:02.2270208-05:00
0,2025-02-13T11:32:02.2470144-05:00
0,2025-02-13T11:32:02.2625152-05:00
0,2025-02-13T11:32:02.2725120-05:00
0,2025-02-13T11:32:02.2882176-05:00
0,2025-02-13T11:32:02.3053440-05:00
0,2025-02-13T11:32:02.3223680-05:00
0,2025-02-13T11:32:02.3423616-05:00
0,2025-02-13T11:32:02.3523328-05:00
0,2025-02-13T11:32:02.3723392-05:00
0,2025-02-13T11:32:02.3823488-05:00
0,2025-02-13T11:32:02.4023168-05:00
0,2025-02-13T11:32:02.4223104-05:00
0,2025-02-13T11:32:02.4322944-05:00
0,2025-02-13T11:32:02.4522880-05:00
0,2025-02-13T11:32:02.4622848-05:00
0,2025-02-13T11:32:02.4823168-05:00
0,2025-02-13T11:32:02.4951424-05:00
0,2025-02-13T11:32:02.5151104-05:00
0,2025-02-13T11:32:02.5250816-05:00
0,2025-02-13T11:32:02.5451008-05:00
0,2025-02-13T11:32:02.5550976-05:00
0,2025-02-13T11:32:02.5750912-05:00
0,2025-02-13T11:32:02.5850624-05:00
0,2025-02-13T11:32:02.6050560-05:00
0,2025-02-13T11:32:02.6250496-05:00
0,2025-02-13T11:32:02.6350464-05:00
0,2025-02-13T11:32:02.6550528-05:00
0,2025-02-13T11:32:02.6650624-05:00
0,2025-02-13T11:32:02.6850304-05:00
0,2025-02-13T11:32:02.6950272-05:00
1,2025-02-13T11:32:02.7045632-05:00
0,2025-02-13T11:32:02.7095936-05:00
0,2025-02-13T11:32:02.7150208-05:00
0,2025-02-13T11:32:02.7350272-05:00
0,2025-02-13T11:32:02.7450368-05:00
1,2025-02-13T11:32:02.7545856-05:00
0,2025-02-13T11:32:02.7596032-05:00
0,2025-02-13T11:32:02.7650048-05:00
0,2025-02-13T11:32:02.7750016-05:00
0,2025-02-13T11:32:02.7949952-05:00
1,2025-02-13T11:32:02.8045824-05:00
1,2025-02-13T11:32:02.8049664-05:00
0,2025-02-13T11:32:02.8095744-05:00
0,2025-02-13T11:32:02.8249728-05:00
0,2025-02-13T11:32:02.8449664-05:00
1,2025-02-13T11:32:02.8545920-05:00
1,2025-02-13T11:32:02.8549632-05:00
0,2025-02-13T11:32:02.8596224-05:00
0,2025-02-13T11:32:02.8749696-05:00
0,2025-02-13T11:32:02.8849536-05:00
1,2025-02-13T11:32:02.9046144-05:00
1,2025-02-13T11:32:02.9049344-05:00
0,2025-02-13T11:32:02.9096192-05:00
0,2025-02-13T11:32:02.9149568-05:00
0,2025-02-13T11:32:02.9349376-05:00
0,2025-02-13T11:32:02.9449344-05:00
1,2025-02-13T11:32:02.9546240-05:00
0,2025-02-13T11:32:02.9596288-05:00
0,2025-02-13T11:32:02.9649408-05:00
0,2025-02-13T11:32:02.9849344-05:00
0,2025-02-13T11:32:02.9977088-05:00
1,2025-02-13T11:32:03.0046464-05:00
1,2025-02-13T11:32:03.0076928-05:00
0,2025-02-13T11:32:03.0096000-05:00
0,2025-02-13T11:32:03.0276864-05:00
0,2025-02-13T11:32:03.0476800-05:00
1,2025-02-13T11:32:03.0546176-05:00
1,2025-02-13T11:32:03.0576768-05:00
0,2025-02-13T11:32:03.0596480-05:00
0,2025-02-13T11:32:03.0776832-05:00
0,2025-02-13T11:32:03.0876672-05:00
1,2025-02-13T11:32:03.1046528-05:00
1,2025-02-13T11:32:03.1076608-05:00
0,2025-02-13T11:32:03.1096448-05:00
0,2025-02-13T11:32:03.1176448-05:00
0,2025-02-13T11:32:03.1376640-05:00
0,2025-02-13T11:32:03.1476480-05:00
1,2025-02-13T11:32:03.1546624-05:00
0,2025-02-13T11:32:03.1596672-05:00
0,2025-02-13T11:32:03.1676544-05:00
0,2025-02-13T11:32:03.1876352-05:00
0,2025-02-13T11:32:03.1976192-05:00
1,2025-02-13T11:32:03.2046336-05:00
0,2025-02-13T11:32:03.2096640-05:00
0,2025-02-13T11:32:03.2176128-05:00
0,2025-02-13T11:32:03.2276096-05:00
0,2025-02-13T11:32:03.2476032-05:00
1,2025-02-13T11:32:03.2546560-05:00
1,2025-02-13T11:32:03.2575872-05:00
0,2025-02-13T11:32:03.2596736-05:00
0,2025-02-13T11:32:03.2776192-05:00
0,2025-02-13T11:32:03.2975872-05:00
1,2025-02-13T11:32:03.3046912-05:00
1,2025-02-13T11:32:03.3075712-05:00
0,2025-02-13T11:32:03.3096832-05:00
0,2025-02-13T11:32:03.3275648-05:00
0,2025-02-13T11:32:03.3375616-05:00
0,2025-02-13T11:32:03.3575680-05:00
0,2025-02-13T11:32:03.3675776-05:00
0,2025-02-13T11:32:03.3875456-05:00
0,2025-02-13T11:32:03.4075264-05:00
0,2025-02-13T11:32:03.4175232-05:00
0,2025-02-13T11:32:03.4375296-05:00
0,2025-02-13T11:32:03.4475392-05:00
0,2025-02-13T11:32:03.4675328-05:00
0,2025-02-13T11:32:03.4775296-05:00
0,2025-02-13T11:32:03.5003136-05:00
0,2025-02-13T11:32:03.5102848-05:00
0,2025-02-13T11:32:03.5302912-05:00
0,2025-02-13T11:32:03.5403136-05:00
0,2025-02-13T11:32:03.5602816-05:00
0,2025-02-13T11:32:03.5745152-05:00
0,2025-02-13T11:32:03.5944960-05:00
0,2025-02-13T11:32:03.6044928-05:00
0,2025-02-13T11:32:03.6244736-05:00
0,2025-02-13T11:32:03.6344704-05:00
0,2025-02-13T11:32:03.6544640-05:00
0,2025-02-13T11:32:03.6644864-05:00
0,2025-02-13T11:32:03.6844544-05:00
0,2025-02-13T11:32:03.7044480-05:00
0,2025-02-13T11:32:03.7144448-05:00
0,2025-02-13T11:32:03.7344384-05:00
0,2025-02-13T11:32:03.7444352-05:00
0,2025-02-13T11:32:03.7644544-05:00
0,2025-02-13T11:32:03.7744128-05:00
0,2025-02-13T11:32:03.7944320-05:00
0,2025-02-13T11:32:03.8044032-05:00
0,2025-02-13T11:32:03.8244096-05:00
0,2025-02-13T11:32:03.8443904-05:00
0,2025-02-13T11:32:03.8543872-05:00
0,2025-02-13T11:32:03.8743936-05:00
0,2025-02-13T11:32:03.8843904-05:00
0,2025-02-13T11:32:03.9043584-05:00
0,2025-02-13T11:32:03.9143808-05:00
0,2025-02-13T11:32:03.9343488-05:00
0,2025-02-13T11:32:03.9543552-05:00
0,2025-02-13T11:32:03.9643776-05:00
0,2025-02-13T11:32:03.9843328-05:00
0,2025-02-13T11:32:03.9943424-05:00
0,2025-02-13T11:32:04.0168960-05:00
0,2025-02-13T11:32:04.0368896-05:00
0,2025-02-13T11:32:04.0568832-05:00
0,2025-02-13T11:32:04.0768640-05:00
0,2025-02-13T11:32:04.0968704-05:00
0,2025-02-13T11:32:04.1168512-05:00
0,2025-02-13T11:32:04.1368576-05:00
0,2025-02-13T11:32:04.1568512-05:00
0,2025-02-13T11:32:04.1768448-05:00
0,2025-02-13T11:32:04.1968256-05:00
0,2025-02-13T11:32:04.2168064-05:00
0,2025-02-13T11:32:04.2368128-05:00
0,2025-02-13T11:32:04.2568064-05:00
0,2025-02-13T11:32:04.2768000-05:00
0,2025-02-13T11:32:04.2967808-05:00
0,2025-02-13T11:32:04.3167744-05:00
0,2025-02-13T11:32:04.3367552-05:00
0,2025-02-13T11:32:04.3647744-05:00
0,2025-02-13T11:32:04.3747584-05:00
0,2025-02-13T11:32:04.3847680-05:00
0,2025-02-13T11:32:04.3999744-05:00
0,2025-02-13T11:32:04.4157824-05:00
0,2025-02-13T11:32:04.4297472-05:00
0,2025-02-13T11:32:04.4497536-05:00
0,2025-02-13T11:32:04.4697728-05:00
0,2025-02-13T11:32:04.4797568-05:00
0,2025-02-13T11:32:04.4997504-05:00
0,2025-02-13T11:32:04.5123712-05:00
0,2025-02-13T11:32:04.5323136-05:00
0,2025-02-13T11:32:04.5423104-05:00
0,2025-02-13T11:32:04.5623296-05:00
0,2025-02-13T11:32:04.5723008-05:00
0,2025-02-13T11:32:04.5922944-05:00
0,2025-02-13T11:32:04.6022912-05:00
0,2025-02-13T11:32:04.6222720-05:00
0,2025-02-13T11:32:04.6322688-05:00
0,2025-02-13T11:32:04.6522624-05:00
0,2025-02-13T11:32:04.6722816-05:00
0,2025-02-13T11:32:04.6822528-05:00
0,2025-02-13T11:32:04.7022464-05:00
0,2025-02-13T11:32:04.7122560-05:00
0,2025-02-13T11:32:04.7322496-05:00
0,2025-02-13T11:32:04.7422208-05:00
0,2025-02-13T11:32:04.7622272-05:00
0,2025-02-13T11:32:04.7822080-05:00
0,2025-02-13T11:32:04.7922176-05:00
0,2025-02-13T11:32:04.8121984-05:00
0,2025-02-13T11:32:04.8222080-05:00
0,2025-02-13T11:32:04.8422016-05:00
0,2025-02-13T11:32:04.8521984-05:00
0,2025-02-13T11:32:04.8721792-05:00
0,2025-02-13T11:32:04.8921728-05:00
0,2025-02-13T11:32:04.9021568-05:00
0,2025-02-13T11:32:04.9221632-05:00
0,2025-02-13T11:32:04.9321472-05:00
0,2025-02-13T11:32:04.9521408-05:00
0,2025-02-13T11:32:04.9621376-05:00
0,2025-02-13T11:32:04.9821440-05:00
0,2025-02-13T11:32:04.9921152-05:00
0,2025-02-13T11:32:05.0149632-05:00
0,2025-02-13T11:32:05.0249472-05:00
0,2025-02-13T11:32:05.0449408-05:00
0,2025-02-13T11:32:05.0549248-05:00
0,2025-02-13T11:32:05.0749568-05:00
0,2025-02-13T11:32:05.0948992-05:00
0,2025-02-13T11:32:05.1048960-05:00
0,2025-02-13T11:32:05.1249024-05:00
0,2025-02-13T11:32:05.1348992-05:00
0,2025-02-13T11:32:05.1548928-05:00
0,2025-02-13T11:32:05.1648896-05:00
0,2025-02-13T11:32:05.1848704-05:00
0,2025-02-13T11:32:05.1948672-05:00
0,2025-02-13T11:32:05.2148736-05:00
0,2025-02-13T11:32:05.2348672-05:00
0,2025-02-13T11:32:05.2448384-05:00
0,2025-02-13T11:32:05.2648704-05:00
0,2025-02-13T11:32:05.2748416-05:00
0,2025-02-13T11:32:05.2948480-05:00
0,2025-02-13T11:32:05.3048320-05:00
0,2025-02-13T11:32:05.3248256-05:00
0,2025-02-13T11:32:05.3448064-05:00
0,2025-02-13T11:32:05.3548032-05:00
0,2025-02-13T11:32:05.3748096-05:00
0,2025-02-13T11:32:05.3848192-05:00
0,2025-02-13T11:32:05.4047872-05:00
0,2025-02-13T11:32:05.4147968-05:00
0,2025-02-13T11:32:05.4348032-05:00
0,2025-02-13T11:32:05.4447744-05:00
0,2025-02-13T11:32:05.4648448-05:00
0,2025-02-13T11:32:05.4847616-05:00
0,2025-02-13T11:32:05.4947328-05:00
0,2025-02-13T11:32:05.5175424-05:00
0,2025-02-13T11:32:05.5275136-05:00
0,2025-02-13T11:32:05.5475072-05:00
0,2025-02-13T11:32:05.5575040-05:00
0,2025-02-13T11:32:05.5775104-05:00
0,2025-02-13T11:32:05.5874944-05:00
0,2025-02-13T11:32:05.6074752-05:00
0,2025-02-13T11:32:05.6174720-05:00
0,2025-02-13T11:32:05.6374912-05:00
0,2025-02-13T11:32:05.6574720-05:00
0,2025-02-13T11:32:05.6674688-05:00
0,2025-02-13T11:32:05.6874624-05:00
0,2025-02-13T11:32:05.6974592-05:00
0,2025-02-13T11:32:05.7174400-05:00
0,2025-02-13T11:32:05.7274240-05:00
0,2025-02-13T11:32:05.7474304-05:00
1,2025-02-13T11:32:05.7567360-05:00
1,2025-02-13T11:32:05.7574272-05:00
0,2025-02-13T11:32:05.7611392-05:00
0,2025-02-13T11:32:05.7774336-05:00
0,2025-02-13T11:32:05.7974144-05:00
1,2025-02-13T11:32:05.8061568-05:00
1,2025-02-13T11:32:05.8073984-05:00
0,2025-02-13T11:32:05.8111488-05:00
0,2025-02-13T11:32:05.8273920-05:00
0,2025-02-13T11:32:05.8374144-05:00
1,2025-02-13T11:32:05.8561536-05:00
1,2025-02-13T11:32:05.8573952-05:00
0,2025-02-13T11:32:05.8611712-05:00
0,2025-02-13T11:32:05.8673920-05:00
0,2025-02-13T11:32:05.8873856-05:00
1,2025-02-13T11:32:05.9061504-05:00
1,2025-02-13T11:32:05.9073536-05:00
0,2025-02-13T11:32:05.9111424-05:00
0,2025-02-13T11:32:05.9173632-05:00
0,2025-02-13T11:32:05.9373568-05:00
0,2025-02-13T11:32:05.9473536-05:00
1,2025-02-13T11:32:05.9561472-05:00
0,2025-02-13T11:32:05.9611520-05:00
0,2025-02-13T11:32:05.9673472-05:00
0,2025-02-13T11:32:05.9773568-05:00
0,2025-02-13T11:32:05.9973248-05:00
1,2025-02-13T11:32:06.0061824-05:00
1,2025-02-13T11:32:06.0073216-05:00
0,2025-02-13T11:32:06.0111616-05:00
0,2025-02-13T11:32:06.0401024-05:00
1,2025-02-13T11:32:06.0561792-05:00
1,2025-02-13T11:32:06.0600832-05:00
0,2025-02-13T11:32:06.0611840-05:00
0,2025-02-13T11:32:06.0700800-05:00
0,2025-02-13T11:32:06.0900608-05:00
1,2025-02-13T11:32:06.1061888-05:00
1,2025-02-13T11:32:06.1100544-05:00
0,2025-02-13T11:32:06.1111936-05:00
0,2025-02-13T11:32:06.1200512-05:00
0,2025-02-13T11:32:06.1400448-05:00
0,2025-02-13T11:32:06.1500288-05:00
1,2025-02-13T11:32:06.1561728-05:00
0,2025-02-13T11:32:06.1612160-05:00
0,2025-02-13T11:32:06.1700480-05:00
0,2025-02-13T11:32:06.1800320-05:00
0,2025-02-13T11:32:06.2000256-05:00
1,2025-02-13T11:32:06.2061824-05:00
0,2025-02-13T11:32:06.2112000-05:00
0,2025-02-13T11:32:06.2200064-05:00
0,2025-02-13T11:32:06.2300032-05:00
0,2025-02-13T11:32:06.2499968-05:00
1,2025-02-13T11:32:06.2562048-05:00
1,2025-02-13T11:32:06.2600064-05:00
0,2025-02-13T11:32:06.2611968-05:00
0,2025-02-13T11:32:06.2800000-05:00
0,2025-02-13T11:32:06.2899840-05:00
1,2025-02-13T11:32:06.3062016-05:00
1,2025-02-13T11:32:06.3099648-05:00
0,2025-02-13T11:32:06.3112064-05:00
0,2025-02-13T11:32:06.3199616-05:00
0,2025-02-13T11:32:06.3399552-05:00
1,2025-02-13T11:32:06.3561984-05:00
1,2025-02-13T11:32:06.3599616-05:00
0,2025-02-13T11:32:06.3612288-05:00
0,2025-02-13T11:32:06.3699456-05:00
0,2025-02-13T11:32:06.3899392-05:00
0,2025-02-13T11:32:06.3999232-05:00
0,2025-02-13T11:32:06.4199168-05:00
0,2025-02-13T11:32:06.4299392-05:00
0,2025-02-13T11:32:06.4499328-05:00
0,2025-02-13T11:32:06.4699264-05:00
0,2025-02-13T11:32:06.4799488-05:00
0,2025-02-13T11:32:06.4999296-05:00
0,2025-02-13T11:32:06.5099008-05:00
0,2025-02-13T11:32:06.5231872-05:00
0,2025-02-13T11:32:06.5442560-05:00
0,2025-02-13T11:32:06.5547776-05:00
0,2025-02-13T11:32:06.5747584-05:00
0,2025-02-13T11:32:06.5947392-05:00
0,2025-02-13T11:32:06.6047232-05:00
0,2025-02-13T11:32:06.6247296-05:00
0,2025-02-13T11:32:06.6347264-05:00
0,2025-02-13T11:32:06.6547072-05:00
0,2025-02-13T11:32:06.6647808-05:00
0,2025-02-13T11:32:06.6847104-05:00
0,2025-02-13T11:32:06.7047040-05:00
0,2025-02-13T11:32:06.7146880-05:00
0,2025-02-13T11:32:06.7346816-05:00
0,2025-02-13T11:32:06.7446912-05:00
0,2025-02-13T11:32:06.7646848-05:00
0,2025-02-13T11:32:06.7746560-05:00
0,2025-02-13T11:32:06.7946496-05:00
0,2025-02-13T11:32:06.8046464-05:00
0,2025-02-13T11:32:06.8246528-05:00
0,2025-02-13T11:32:06.8446336-05:00
0,2025-02-13T11:32:06.8546304-05:00
0,2025-02-13T11:32:06.8746368-05:00
0,2025-02-13T11:32:06.8846336-05:00
0,2025-02-13T11:32:06.9046272-05:00
0,2025-02-13T11:32:06.9146112-05:00
0,2025-02-13T11:32:06.9346176-05:00
0,2025-02-13T11:32:06.9545984-05:00
0,2025-02-13T11:32:06.9646080-05:00
0,2025-02-13T11:32:06.9846016-05:00
0,2025-02-13T11:32:06.9945728-05:00
0,2025-02-13T11:32:07.0145664-05:00
0,2025-02-13T11:32:07.0271360-05:00
0,2025-02-13T11:32:07.0471168-05:00
0,2025-02-13T11:32:07.0671360-05:00
0,2025-02-13T11:32:07.0871168-05:00
0,2025-02-13T11:32:07.1071104-05:00
0,2025-02-13T11:32:07.1271040-05:00
0,2025-02-13T11:32:07.1470848-05:00
0,2025-02-13T11:32:07.1670784-05:00
0,2025-02-13T11:32:07.1870720-05:00
0,2025-02-13T11:32:07.2070656-05:00
0,2025-02-13T11:32:07.2270592-05:00
0,2025-02-13T11:32:07.2470400-05:00
0,2025-02-13T11:32:07.2670464-05:00
1,2025-02-13T11:32:07.2819840-05:00
0,2025-02-13T11:32:07.2869760-05:00
0,2025-02-13T11:32:07.2870144-05:00
0,2025-02-13T11:32:07.3070336-05:00
0,2025-02-13T11:32:07.3270144-05:00
1,2025-02-13T11:32:07.3320064-05:00
0,2025-02-13T11:32:07.3369728-05:00
0,2025-02-13T11:32:07.3470080-05:00
0,2025-02-13T11:32:07.3670144-05:00
1,2025-02-13T11:32:07.3819776-05:00
1,2025-02-13T11:32:07.3869952-05:00
0,2025-02-13T11:32:07.3870080-05:00
0,2025-02-13T11:32:07.4074496-05:00
0,2025-02-13T11:32:07.4245760-05:00
1,2025-02-13T11:32:07.4319872-05:00
0,2025-02-13T11:32:07.4369920-05:00
0,2025-02-13T11:32:07.4464384-05:00
0,2025-02-13T11:32:07.4630784-05:00
0,2025-02-13T11:32:07.4798464-05:00
1,2025-02-13T11:32:07.4819840-05:00
0,2025-02-13T11:32:07.4869888-05:00
0,2025-02-13T11:32:07.5070336-05:00
0,2025-02-13T11:32:07.5241088-05:00
1,2025-02-13T11:32:07.5320832-05:00
0,2025-02-13T11:32:07.5369984-05:00
0,2025-02-13T11:32:07.5405568-05:00
0,2025-02-13T11:32:07.5579008-05:00
0,2025-02-13T11:32:07.5744768-05:00
1,2025-02-13T11:32:07.5820032-05:00
0,2025-02-13T11:32:07.5869952-05:00
0,2025-02-13T11:32:07.5904000-05:00
0,2025-02-13T11:32:07.6074880-05:00
0,2025-02-13T11:32:07.6181632-05:00
1,2025-02-13T11:32:07.6320000-05:00
0,2025-02-13T11:32:07.6370176-05:00
0,2025-02-13T11:32:07.6444672-05:00
0,2025-02-13T11:32:07.6544896-05:00
0,2025-02-13T11:32:07.6644864-05:00
0,2025-02-13T11:32:07.6800000-05:00
1,2025-02-13T11:32:07.6820096-05:00
0,2025-02-13T11:32:07.6870272-05:00
0,2025-02-13T11:32:07.7069184-05:00
0,2025-02-13T11:32:07.7242112-05:00
1,2025-02-13T11:32:07.7320704-05:00
0,2025-02-13T11:32:07.7370496-05:00
0,2025-02-13T11:32:07.7440896-05:00
0,2025-02-13T11:32:07.7596928-05:00
0,2025-02-13T11:32:07.7753600-05:00
1,2025-02-13T11:32:07.7820160-05:00
0,2025-02-13T11:32:07.7870208-05:00
0,2025-02-13T11:32:07.7913728-05:00
0,2025-02-13T11:32:07.8113536-05:00
0,2025-02-13T11:32:07.8213632-05:00
1,2025-02-13T11:32:07.8320384-05:00
0,2025-02-13T11:32:07.8370432-05:00
0,2025-02-13T11:32:07.8413568-05:00
0,2025-02-13T11:32:07.8513536-05:00
0,2025-02-13T11:32:07.8713600-05:00
1,2025-02-13T11:32:07.8820352-05:00
0,2025-02-13T11:32:07.8870400-05:00
0,2025-02-13T11:32:07.8913536-05:00
0,2025-02-13T11:32:07.9013376-05:00
0,2025-02-13T11:32:07.9213312-05:00
0,2025-02-13T11:32:07.9313152-05:00
0,2025-02-13T11:32:07.9539200-05:00
0,2025-02-13T11:32:07.9644544-05:00
0,2025-02-13T11:32:07.9763328-05:00
0,2025-02-13T11:32:07.9931392-05:00
0,2025-02-13T11:32:08.0081664-05:00
0,2025-02-13T11:32:08.0281728-05:00
0,2025-02-13T11:32:08.0410880-05:00
0,2025-02-13T11:32:08.0610944-05:00
0,2025-02-13T11:32:08.0710656-05:00
0,2025-02-13T11:32:08.0910592-05:00
0,2025-02-13T11:32:08.1110656-05:00
0,2025-02-13T11:32:08.1210496-05:00
0,2025-02-13T11:32:08.1410432-05:00
0,2025-02-13T11:32:08.1510528-05:00
0,2025-02-13T11:32:08.1710208-05:00
0,2025-02-13T11:32:08.1810432-05:00
0,2025-02-13T11:32:08.2010112-05:00
0,2025-02-13T11:32:08.2110080-05:00
0,2025-02-13T11:32:08.2310016-05:00
0,2025-02-13T11:32:08.2510208-05:00
0,2025-02-13T11:32:08.2609920-05:00
0,2025-02-13T11:32:08.2809856-05:00
0,2025-02-13T11:32:08.2909696-05:00
0,2025-02-13T11:32:08.3109632-05:00
0,2025-02-13T11:32:08.3209728-05:00
0,2025-02-13T11:32:08.3409664-05:00
0,2025-02-13T11:32:08.3609728-05:00
0,2025-02-13T11:32:08.3709440-05:00
0,2025-02-13T11:32:08.3909248-05:00
0,2025-02-13T11:32:08.4009216-05:00
0,2025-02-13T11:32:08.4209408-05:00
0,2025-02-13T11:32:08.4309120-05:00
0,2025-02-13T11:32:08.4509312-05:00
